ISO-10303-21;
HEADER;
FILE_DESCRIPTION(('Open CASCADE Model'),'2;1');
FILE_NAME('Open CASCADE Shape Model','2026-09-17T13:48:52',('Author'),(
    'Open CASCADE'),'Open CASCADE STEP processor 7.9','Open CASCADE 7.9'
  ,'Unknown');
FILE_SCHEMA(('AUTOMOTIVE_DESIGN { 1 0 10303 214 1 1 1 1 }'));
ENDSEC;
DATA;
#1 = APPLICATION_PROTOCOL_DEFINITION('international standard',
  'automotive_design',2000,#2);
#2 = APPLICATION_CONTEXT(
  'core data for automotive mechanical design processes');
#3 = SHAPE_DEFINITION_REPRESENTATION(#4,#10);
#4 = PRODUCT_DEFINITION_SHAPE('','',#5);
#5 = PRODUCT_DEFINITION('design','',#6,#9);
#6 = PRODUCT_DEFINITION_FORMATION('','',#7);
#7 = PRODUCT('c0ebc93e-b28d-11f1-b1e0-8c3b4a4b84eb',
  'c0ebc93e-b28d-11f1-b1e0-8c3b4a4b84eb','',(#8));
#8 = PRODUCT_CONTEXT('',#2,'mechanical');
#9 = PRODUCT_DEFINITION_CONTEXT('part definition',#2,'design');
#10 = SHAPE_REPRESENTATION('',(#11,#15,#19,#23,#27,#31,#35),#39);
#11 = AXIS2_PLACEMENT_3D('',#12,#13,#14);
#12 = CARTESIAN_POINT('',(0.,0.,0.));
#13 = DIRECTION('',(0.,0.,1.));
#14 = DIRECTION('',(1.,0.,-0.));
#15 = AXIS2_PLACEMENT_3D('',#16,#17,#18);
#16 = CARTESIAN_POINT('',(0.,0.,0.));
#17 = DIRECTION('',(0.,0.,1.));
#18 = DIRECTION('',(1.,0.,-0.));
#19 = AXIS2_PLACEMENT_3D('',#20,#21,#22);
#20 = CARTESIAN_POINT('',(0.,0.,0.));
#21 = DIRECTION('',(0.,0.,1.));
#22 = DIRECTION('',(1.,0.,-0.));
#23 = AXIS2_PLACEMENT_3D('',#24,#25,#26);
#24 = CARTESIAN_POINT('',(0.,0.,0.));
#25 = DIRECTION('',(0.,0.,1.));
#26 = DIRECTION('',(1.,0.,-0.));
#27 = AXIS2_PLACEMENT_3D('',#28,#29,#30);
#28 = CARTESIAN_POINT('',(0.,0.,0.));
#29 = DIRECTION('',(0.,0.,1.));
#30 = DIRECTION('',(1.,0.,-0.));
#31 = AXIS2_PLACEMENT_3D('',#32,#33,#34);
#32 = CARTESIAN_POINT('',(0.,0.,0.));
#33 = DIRECTION('',(0.,0.,1.));
#34 = DIRECTION('',(1.,0.,-0.));
#35 = AXIS2_PLACEMENT_3D('',#36,#37,#38);
#36 = CARTESIAN_POINT('',(0.,0.,0.));
#37 = DIRECTION('',(0.,0.,1.));
#38 = DIRECTION('',(1.,0.,-0.));
#39 = ( GEOMETRIC_REPRESENTATION_CONTEXT(3) 
GLOBAL_UNCERTAINTY_ASSIGNED_CONTEXT((#43)) GLOBAL_UNIT_ASSIGNED_CONTEXT(
(#40,#41,#42)) REPRESENTATION_CONTEXT('Context #1',
  '3D Context with UNIT and UNCERTAINTY') );
#40 = ( LENGTH_UNIT() NAMED_UNIT(*) SI_UNIT(.MILLI.,.METRE.) );
#41 = ( NAMED_UNIT(*) PLANE_ANGLE_UNIT() SI_UNIT($,.RADIAN.) );
#42 = ( NAMED_UNIT(*) SI_UNIT($,.STERADIAN.) SOLID_ANGLE_UNIT() );
#43 = UNCERTAINTY_MEASURE_WITH_UNIT(LENGTH_MEASURE(2.E-05),#40,
  'distance_accuracy_value','confusion accuracy');
#44 = PRODUCT_RELATED_PRODUCT_CATEGORY('part',$,(#7));
#45 = SHAPE_DEFINITION_REPRESENTATION(#46,#52);
#46 = PRODUCT_DEFINITION_SHAPE('','',#47);
#47 = PRODUCT_DEFINITION('design','',#48,#51);
#48 = PRODUCT_DEFINITION_FORMATION('','',#49);
#49 = PRODUCT('body','body','',(#50));
#50 = PRODUCT_CONTEXT('',#2,'mechanical');
#51 = PRODUCT_DEFINITION_CONTEXT('part definition',#2,'design');
#52 = ADVANCED_BREP_SHAPE_REPRESENTATION('',(#11,#53),#695);
#53 = MANIFOLD_SOLID_BREP('',#54);
#54 = CLOSED_SHELL('',(#55,#175,#363,#412,#461,#580,#607,#634,#661,#688)
  );
#55 = ADVANCED_FACE('',(#56),#70,.F.);
#56 = FACE_BOUND('',#57,.F.);
#57 = EDGE_LOOP('',(#58,#93,#121,#149));
#58 = ORIENTED_EDGE('',*,*,#59,.F.);
#59 = EDGE_CURVE('',#60,#62,#64,.T.);
#60 = VERTEX_POINT('',#61);
#61 = CARTESIAN_POINT('',(-3.5,-0.85,2.));
#62 = VERTEX_POINT('',#63);
#63 = CARTESIAN_POINT('',(-3.5,0.85,2.));
#64 = SURFACE_CURVE('',#65,(#69,#81),.PCURVE_S1.);
#65 = LINE('',#66,#67);
#66 = CARTESIAN_POINT('',(-3.5,-1.,2.));
#67 = VECTOR('',#68,1.);
#68 = DIRECTION('',(0.,1.,0.));
#69 = PCURVE('',#70,#75);
#70 = PLANE('',#71);
#71 = AXIS2_PLACEMENT_3D('',#72,#73,#74);
#72 = CARTESIAN_POINT('',(-3.5,-1.,0.));
#73 = DIRECTION('',(1.,0.,0.));
#74 = DIRECTION('',(0.,0.,1.));
#75 = DEFINITIONAL_REPRESENTATION('',(#76),#80);
#76 = LINE('',#77,#78);
#77 = CARTESIAN_POINT('',(2.,0.));
#78 = VECTOR('',#79,1.);
#79 = DIRECTION('',(0.,-1.));
#80 = ( GEOMETRIC_REPRESENTATION_CONTEXT(2) 
PARAMETRIC_REPRESENTATION_CONTEXT() REPRESENTATION_CONTEXT('2D SPACE',''
  ) );
#81 = PCURVE('',#82,#87);
#82 = PLANE('',#83);
#83 = AXIS2_PLACEMENT_3D('',#84,#85,#86);
#84 = CARTESIAN_POINT('',(-3.5,-1.,2.));
#85 = DIRECTION('',(0.,0.,1.));
#86 = DIRECTION('',(1.,0.,0.));
#87 = DEFINITIONAL_REPRESENTATION('',(#88),#92);
#88 = LINE('',#89,#90);
#89 = CARTESIAN_POINT('',(0.,0.));
#90 = VECTOR('',#91,1.);
#91 = DIRECTION('',(0.,1.));
#92 = ( GEOMETRIC_REPRESENTATION_CONTEXT(2) 
PARAMETRIC_REPRESENTATION_CONTEXT() REPRESENTATION_CONTEXT('2D SPACE',''
  ) );
#93 = ORIENTED_EDGE('',*,*,#94,.F.);
#94 = EDGE_CURVE('',#95,#60,#97,.T.);
#95 = VERTEX_POINT('',#96);
#96 = CARTESIAN_POINT('',(-3.5,-0.85,0.));
#97 = SURFACE_CURVE('',#98,(#102,#109),.PCURVE_S1.);
#98 = LINE('',#99,#100);
#99 = CARTESIAN_POINT('',(-3.5,-0.85,0.));
#100 = VECTOR('',#101,1.);
#101 = DIRECTION('',(0.,0.,1.));
#102 = PCURVE('',#70,#103);
#103 = DEFINITIONAL_REPRESENTATION('',(#104),#108);
#104 = LINE('',#105,#106);
#105 = CARTESIAN_POINT('',(0.,-0.15));
#106 = VECTOR('',#107,1.);
#107 = DIRECTION('',(1.,0.));
#108 = ( GEOMETRIC_REPRESENTATION_CONTEXT(2) 
PARAMETRIC_REPRESENTATION_CONTEXT() REPRESENTATION_CONTEXT('2D SPACE',''
  ) );
#109 = PCURVE('',#110,#115);
#110 = PLANE('',#111);
#111 = AXIS2_PLACEMENT_3D('',#112,#113,#114);
#112 = CARTESIAN_POINT('',(-3.425,-0.925,0.));
#113 = DIRECTION('',(-0.707106781187,-0.707106781187,0.));
#114 = DIRECTION('',(-0.,-0.,-1.));
#115 = DEFINITIONAL_REPRESENTATION('',(#116),#120);
#116 = LINE('',#117,#118);
#117 = CARTESIAN_POINT('',(-0.,-0.106066017178));
#118 = VECTOR('',#119,1.);
#119 = DIRECTION('',(-1.,0.));
#120 = ( GEOMETRIC_REPRESENTATION_CONTEXT(2) 
PARAMETRIC_REPRESENTATION_CONTEXT() REPRESENTATION_CONTEXT('2D SPACE',''
  ) );
#121 = ORIENTED_EDGE('',*,*,#122,.T.);
#122 = EDGE_CURVE('',#95,#123,#125,.T.);
#123 = VERTEX_POINT('',#124);
#124 = CARTESIAN_POINT('',(-3.5,0.85,0.));
#125 = SURFACE_CURVE('',#126,(#130,#137),.PCURVE_S1.);
#126 = LINE('',#127,#128);
#127 = CARTESIAN_POINT('',(-3.5,-1.,0.));
#128 = VECTOR('',#129,1.);
#129 = DIRECTION('',(0.,1.,0.));
#130 = PCURVE('',#70,#131);
#131 = DEFINITIONAL_REPRESENTATION('',(#132),#136);
#132 = LINE('',#133,#134);
#133 = CARTESIAN_POINT('',(0.,0.));
#134 = VECTOR('',#135,1.);
#135 = DIRECTION('',(0.,-1.));
#136 = ( GEOMETRIC_REPRESENTATION_CONTEXT(2) 
PARAMETRIC_REPRESENTATION_CONTEXT() REPRESENTATION_CONTEXT('2D SPACE',''
  ) );
#137 = PCURVE('',#138,#143);
#138 = PLANE('',#139);
#139 = AXIS2_PLACEMENT_3D('',#140,#141,#142);
#140 = CARTESIAN_POINT('',(-3.5,-1.,0.));
#141 = DIRECTION('',(0.,0.,1.));
#142 = DIRECTION('',(1.,0.,0.));
#143 = DEFINITIONAL_REPRESENTATION('',(#144),#148);
#144 = LINE('',#145,#146);
#145 = CARTESIAN_POINT('',(0.,0.));
#146 = VECTOR('',#147,1.);
#147 = DIRECTION('',(0.,1.));
#148 = ( GEOMETRIC_REPRESENTATION_CONTEXT(2) 
PARAMETRIC_REPRESENTATION_CONTEXT() REPRESENTATION_CONTEXT('2D SPACE',''
  ) );
#149 = ORIENTED_EDGE('',*,*,#150,.T.);
#150 = EDGE_CURVE('',#123,#62,#151,.T.);
#151 = SURFACE_CURVE('',#152,(#156,#163),.PCURVE_S1.);
#152 = LINE('',#153,#154);
#153 = CARTESIAN_POINT('',(-3.5,0.85,0.));
#154 = VECTOR('',#155,1.);
#155 = DIRECTION('',(0.,0.,1.));
#156 = PCURVE('',#70,#157);
#157 = DEFINITIONAL_REPRESENTATION('',(#158),#162);
#158 = LINE('',#159,#160);
#159 = CARTESIAN_POINT('',(0.,-1.85));
#160 = VECTOR('',#161,1.);
#161 = DIRECTION('',(1.,0.));
#162 = ( GEOMETRIC_REPRESENTATION_CONTEXT(2) 
PARAMETRIC_REPRESENTATION_CONTEXT() REPRESENTATION_CONTEXT('2D SPACE',''
  ) );
#163 = PCURVE('',#164,#169);
#164 = PLANE('',#165);
#165 = AXIS2_PLACEMENT_3D('',#166,#167,#168);
#166 = CARTESIAN_POINT('',(-3.425,0.925,0.));
#167 = DIRECTION('',(0.707106781187,-0.707106781187,0.));
#168 = DIRECTION('',(-0.,-0.,-1.));
#169 = DEFINITIONAL_REPRESENTATION('',(#170),#174);
#170 = LINE('',#171,#172);
#171 = CARTESIAN_POINT('',(-0.,-0.106066017178));
#172 = VECTOR('',#173,1.);
#173 = DIRECTION('',(-1.,0.));
#174 = ( GEOMETRIC_REPRESENTATION_CONTEXT(2) 
PARAMETRIC_REPRESENTATION_CONTEXT() REPRESENTATION_CONTEXT('2D SPACE',''
  ) );
#175 = ADVANCED_FACE('',(#176),#82,.T.);
#176 = FACE_BOUND('',#177,.T.);
#177 = EDGE_LOOP('',(#178,#179,#202,#230,#258,#286,#314,#342));
#178 = ORIENTED_EDGE('',*,*,#59,.F.);
#179 = ORIENTED_EDGE('',*,*,#180,.T.);
#180 = EDGE_CURVE('',#60,#181,#183,.T.);
#181 = VERTEX_POINT('',#182);
#182 = CARTESIAN_POINT('',(-3.35,-1.,2.));
#183 = SURFACE_CURVE('',#184,(#188,#195),.PCURVE_S1.);
#184 = LINE('',#185,#186);
#185 = CARTESIAN_POINT('',(-3.425,-0.925,2.));
#186 = VECTOR('',#187,1.);
#187 = DIRECTION('',(0.707106781187,-0.707106781187,0.));
#188 = PCURVE('',#82,#189);
#189 = DEFINITIONAL_REPRESENTATION('',(#190),#194);
#190 = LINE('',#191,#192);
#191 = CARTESIAN_POINT('',(7.5E-02,7.5E-02));
#192 = VECTOR('',#193,1.);
#193 = DIRECTION('',(0.707106781187,-0.707106781187));
#194 = ( GEOMETRIC_REPRESENTATION_CONTEXT(2) 
PARAMETRIC_REPRESENTATION_CONTEXT() REPRESENTATION_CONTEXT('2D SPACE',''
  ) );
#195 = PCURVE('',#110,#196);
#196 = DEFINITIONAL_REPRESENTATION('',(#197),#201);
#197 = LINE('',#198,#199);
#198 = CARTESIAN_POINT('',(-2.,0.));
#199 = VECTOR('',#200,1.);
#200 = DIRECTION('',(-0.,1.));
#201 = ( GEOMETRIC_REPRESENTATION_CONTEXT(2) 
PARAMETRIC_REPRESENTATION_CONTEXT() REPRESENTATION_CONTEXT('2D SPACE',''
  ) );
#202 = ORIENTED_EDGE('',*,*,#203,.T.);
#203 = EDGE_CURVE('',#181,#204,#206,.T.);
#204 = VERTEX_POINT('',#205);
#205 = CARTESIAN_POINT('',(3.35,-1.,2.));
#206 = SURFACE_CURVE('',#207,(#211,#218),.PCURVE_S1.);
#207 = LINE('',#208,#209);
#208 = CARTESIAN_POINT('',(-3.5,-1.,2.));
#209 = VECTOR('',#210,1.);
#210 = DIRECTION('',(1.,0.,0.));
#211 = PCURVE('',#82,#212);
#212 = DEFINITIONAL_REPRESENTATION('',(#213),#217);
#213 = LINE('',#214,#215);
#214 = CARTESIAN_POINT('',(0.,0.));
#215 = VECTOR('',#216,1.);
#216 = DIRECTION('',(1.,0.));
#217 = ( GEOMETRIC_REPRESENTATION_CONTEXT(2) 
PARAMETRIC_REPRESENTATION_CONTEXT() REPRESENTATION_CONTEXT('2D SPACE',''
  ) );
#218 = PCURVE('',#219,#224);
#219 = PLANE('',#220);
#220 = AXIS2_PLACEMENT_3D('',#221,#222,#223);
#221 = CARTESIAN_POINT('',(-3.5,-1.,0.));
#222 = DIRECTION('',(0.,1.,0.));
#223 = DIRECTION('',(0.,0.,1.));
#224 = DEFINITIONAL_REPRESENTATION('',(#225),#229);
#225 = LINE('',#226,#227);
#226 = CARTESIAN_POINT('',(2.,0.));
#227 = VECTOR('',#228,1.);
#228 = DIRECTION('',(0.,1.));
#229 = ( GEOMETRIC_REPRESENTATION_CONTEXT(2) 
PARAMETRIC_REPRESENTATION_CONTEXT() REPRESENTATION_CONTEXT('2D SPACE',''
  ) );
#230 = ORIENTED_EDGE('',*,*,#231,.F.);
#231 = EDGE_CURVE('',#232,#204,#234,.T.);
#232 = VERTEX_POINT('',#233);
#233 = CARTESIAN_POINT('',(3.5,-0.85,2.));
#234 = SURFACE_CURVE('',#235,(#239,#246),.PCURVE_S1.);
#235 = LINE('',#236,#237);
#236 = CARTESIAN_POINT('',(1.675,-2.675,2.));
#237 = VECTOR('',#238,1.);
#238 = DIRECTION('',(-0.707106781187,-0.707106781187,0.));
#239 = PCURVE('',#82,#240);
#240 = DEFINITIONAL_REPRESENTATION('',(#241),#245);
#241 = LINE('',#242,#243);
#242 = CARTESIAN_POINT('',(5.175,-1.675));
#243 = VECTOR('',#244,1.);
#244 = DIRECTION('',(-0.707106781187,-0.707106781187));
#245 = ( GEOMETRIC_REPRESENTATION_CONTEXT(2) 
PARAMETRIC_REPRESENTATION_CONTEXT() REPRESENTATION_CONTEXT('2D SPACE',''
  ) );
#246 = PCURVE('',#247,#252);
#247 = PLANE('',#248);
#248 = AXIS2_PLACEMENT_3D('',#249,#250,#251);
#249 = CARTESIAN_POINT('',(3.425,-0.925,0.));
#250 = DIRECTION('',(-0.707106781187,0.707106781187,0.));
#251 = DIRECTION('',(-0.,-0.,-1.));
#252 = DEFINITIONAL_REPRESENTATION('',(#253),#257);
#253 = LINE('',#254,#255);
#254 = CARTESIAN_POINT('',(-2.,2.474873734153));
#255 = VECTOR('',#256,1.);
#256 = DIRECTION('',(-0.,1.));
#257 = ( GEOMETRIC_REPRESENTATION_CONTEXT(2) 
PARAMETRIC_REPRESENTATION_CONTEXT() REPRESENTATION_CONTEXT('2D SPACE',''
  ) );
#258 = ORIENTED_EDGE('',*,*,#259,.T.);
#259 = EDGE_CURVE('',#232,#260,#262,.T.);
#260 = VERTEX_POINT('',#261);
#261 = CARTESIAN_POINT('',(3.5,0.85,2.));
#262 = SURFACE_CURVE('',#263,(#267,#274),.PCURVE_S1.);
#263 = LINE('',#264,#265);
#264 = CARTESIAN_POINT('',(3.5,-1.,2.));
#265 = VECTOR('',#266,1.);
#266 = DIRECTION('',(0.,1.,0.));
#267 = PCURVE('',#82,#268);
#268 = DEFINITIONAL_REPRESENTATION('',(#269),#273);
#269 = LINE('',#270,#271);
#270 = CARTESIAN_POINT('',(7.,0.));
#271 = VECTOR('',#272,1.);
#272 = DIRECTION('',(0.,1.));
#273 = ( GEOMETRIC_REPRESENTATION_CONTEXT(2) 
PARAMETRIC_REPRESENTATION_CONTEXT() REPRESENTATION_CONTEXT('2D SPACE',''
  ) );
#274 = PCURVE('',#275,#280);
#275 = PLANE('',#276);
#276 = AXIS2_PLACEMENT_3D('',#277,#278,#279);
#277 = CARTESIAN_POINT('',(3.5,-1.,0.));
#278 = DIRECTION('',(1.,0.,0.));
#279 = DIRECTION('',(0.,0.,1.));
#280 = DEFINITIONAL_REPRESENTATION('',(#281),#285);
#281 = LINE('',#282,#283);
#282 = CARTESIAN_POINT('',(2.,0.));
#283 = VECTOR('',#284,1.);
#284 = DIRECTION('',(0.,-1.));
#285 = ( GEOMETRIC_REPRESENTATION_CONTEXT(2) 
PARAMETRIC_REPRESENTATION_CONTEXT() REPRESENTATION_CONTEXT('2D SPACE',''
  ) );
#286 = ORIENTED_EDGE('',*,*,#287,.T.);
#287 = EDGE_CURVE('',#260,#288,#290,.T.);
#288 = VERTEX_POINT('',#289);
#289 = CARTESIAN_POINT('',(3.35,1.,2.));
#290 = SURFACE_CURVE('',#291,(#295,#302),.PCURVE_S1.);
#291 = LINE('',#292,#293);
#292 = CARTESIAN_POINT('',(2.175,2.175,2.));
#293 = VECTOR('',#294,1.);
#294 = DIRECTION('',(-0.707106781187,0.707106781187,0.));
#295 = PCURVE('',#82,#296);
#296 = DEFINITIONAL_REPRESENTATION('',(#297),#301);
#297 = LINE('',#298,#299);
#298 = CARTESIAN_POINT('',(5.675,3.175));
#299 = VECTOR('',#300,1.);
#300 = DIRECTION('',(-0.707106781187,0.707106781187));
#301 = ( GEOMETRIC_REPRESENTATION_CONTEXT(2) 
PARAMETRIC_REPRESENTATION_CONTEXT() REPRESENTATION_CONTEXT('2D SPACE',''
  ) );
#302 = PCURVE('',#303,#308);
#303 = PLANE('',#304);
#304 = AXIS2_PLACEMENT_3D('',#305,#306,#307);
#305 = CARTESIAN_POINT('',(3.425,0.925,0.));
#306 = DIRECTION('',(0.707106781187,0.707106781187,0.));
#307 = DIRECTION('',(-0.,0.,-1.));
#308 = DEFINITIONAL_REPRESENTATION('',(#309),#313);
#309 = LINE('',#310,#311);
#310 = CARTESIAN_POINT('',(-2.,1.767766952966));
#311 = VECTOR('',#312,1.);
#312 = DIRECTION('',(-0.,1.));
#313 = ( GEOMETRIC_REPRESENTATION_CONTEXT(2) 
PARAMETRIC_REPRESENTATION_CONTEXT() REPRESENTATION_CONTEXT('2D SPACE',''
  ) );
#314 = ORIENTED_EDGE('',*,*,#315,.F.);
#315 = EDGE_CURVE('',#316,#288,#318,.T.);
#316 = VERTEX_POINT('',#317);
#317 = CARTESIAN_POINT('',(-3.35,1.,2.));
#318 = SURFACE_CURVE('',#319,(#323,#330),.PCURVE_S1.);
#319 = LINE('',#320,#321);
#320 = CARTESIAN_POINT('',(-3.5,1.,2.));
#321 = VECTOR('',#322,1.);
#322 = DIRECTION('',(1.,0.,0.));
#323 = PCURVE('',#82,#324);
#324 = DEFINITIONAL_REPRESENTATION('',(#325),#329);
#325 = LINE('',#326,#327);
#326 = CARTESIAN_POINT('',(0.,2.));
#327 = VECTOR('',#328,1.);
#328 = DIRECTION('',(1.,0.));
#329 = ( GEOMETRIC_REPRESENTATION_CONTEXT(2) 
PARAMETRIC_REPRESENTATION_CONTEXT() REPRESENTATION_CONTEXT('2D SPACE',''
  ) );
#330 = PCURVE('',#331,#336);
#331 = PLANE('',#332);
#332 = AXIS2_PLACEMENT_3D('',#333,#334,#335);
#333 = CARTESIAN_POINT('',(-3.5,1.,0.));
#334 = DIRECTION('',(0.,1.,0.));
#335 = DIRECTION('',(0.,0.,1.));
#336 = DEFINITIONAL_REPRESENTATION('',(#337),#341);
#337 = LINE('',#338,#339);
#338 = CARTESIAN_POINT('',(2.,0.));
#339 = VECTOR('',#340,1.);
#340 = DIRECTION('',(0.,1.));
#341 = ( GEOMETRIC_REPRESENTATION_CONTEXT(2) 
PARAMETRIC_REPRESENTATION_CONTEXT() REPRESENTATION_CONTEXT('2D SPACE',''
  ) );
#342 = ORIENTED_EDGE('',*,*,#343,.F.);
#343 = EDGE_CURVE('',#62,#316,#344,.T.);
#344 = SURFACE_CURVE('',#345,(#349,#356),.PCURVE_S1.);
#345 = LINE('',#346,#347);
#346 = CARTESIAN_POINT('',(-3.925,0.425,2.));
#347 = VECTOR('',#348,1.);
#348 = DIRECTION('',(0.707106781187,0.707106781187,-0.));
#349 = PCURVE('',#82,#350);
#350 = DEFINITIONAL_REPRESENTATION('',(#351),#355);
#351 = LINE('',#352,#353);
#352 = CARTESIAN_POINT('',(-0.425,1.425));
#353 = VECTOR('',#354,1.);
#354 = DIRECTION('',(0.707106781187,0.707106781187));
#355 = ( GEOMETRIC_REPRESENTATION_CONTEXT(2) 
PARAMETRIC_REPRESENTATION_CONTEXT() REPRESENTATION_CONTEXT('2D SPACE',''
  ) );
#356 = PCURVE('',#164,#357);
#357 = DEFINITIONAL_REPRESENTATION('',(#358),#362);
#358 = LINE('',#359,#360);
#359 = CARTESIAN_POINT('',(-2.,-0.707106781187));
#360 = VECTOR('',#361,1.);
#361 = DIRECTION('',(-0.,1.));
#362 = ( GEOMETRIC_REPRESENTATION_CONTEXT(2) 
PARAMETRIC_REPRESENTATION_CONTEXT() REPRESENTATION_CONTEXT('2D SPACE',''
  ) );
#363 = ADVANCED_FACE('',(#364),#110,.T.);
#364 = FACE_BOUND('',#365,.F.);
#365 = EDGE_LOOP('',(#366,#389,#390,#391));
#366 = ORIENTED_EDGE('',*,*,#367,.F.);
#367 = EDGE_CURVE('',#95,#368,#370,.T.);
#368 = VERTEX_POINT('',#369);
#369 = CARTESIAN_POINT('',(-3.35,-1.,0.));
#370 = SURFACE_CURVE('',#371,(#375,#382),.PCURVE_S1.);
#371 = LINE('',#372,#373);
#372 = CARTESIAN_POINT('',(-3.425,-0.925,0.));
#373 = VECTOR('',#374,1.);
#374 = DIRECTION('',(0.707106781187,-0.707106781187,0.));
#375 = PCURVE('',#110,#376);
#376 = DEFINITIONAL_REPRESENTATION('',(#377),#381);
#377 = LINE('',#378,#379);
#378 = CARTESIAN_POINT('',(-0.,0.));
#379 = VECTOR('',#380,1.);
#380 = DIRECTION('',(-0.,1.));
#381 = ( GEOMETRIC_REPRESENTATION_CONTEXT(2) 
PARAMETRIC_REPRESENTATION_CONTEXT() REPRESENTATION_CONTEXT('2D SPACE',''
  ) );
#382 = PCURVE('',#138,#383);
#383 = DEFINITIONAL_REPRESENTATION('',(#384),#388);
#384 = LINE('',#385,#386);
#385 = CARTESIAN_POINT('',(7.5E-02,7.5E-02));
#386 = VECTOR('',#387,1.);
#387 = DIRECTION('',(0.707106781187,-0.707106781187));
#388 = ( GEOMETRIC_REPRESENTATION_CONTEXT(2) 
PARAMETRIC_REPRESENTATION_CONTEXT() REPRESENTATION_CONTEXT('2D SPACE',''
  ) );
#389 = ORIENTED_EDGE('',*,*,#94,.T.);
#390 = ORIENTED_EDGE('',*,*,#180,.T.);
#391 = ORIENTED_EDGE('',*,*,#392,.F.);
#392 = EDGE_CURVE('',#368,#181,#393,.T.);
#393 = SURFACE_CURVE('',#394,(#398,#405),.PCURVE_S1.);
#394 = LINE('',#395,#396);
#395 = CARTESIAN_POINT('',(-3.35,-1.,0.));
#396 = VECTOR('',#397,1.);
#397 = DIRECTION('',(0.,0.,1.));
#398 = PCURVE('',#110,#399);
#399 = DEFINITIONAL_REPRESENTATION('',(#400),#404);
#400 = LINE('',#401,#402);
#401 = CARTESIAN_POINT('',(-0.,0.106066017178));
#402 = VECTOR('',#403,1.);
#403 = DIRECTION('',(-1.,0.));
#404 = ( GEOMETRIC_REPRESENTATION_CONTEXT(2) 
PARAMETRIC_REPRESENTATION_CONTEXT() REPRESENTATION_CONTEXT('2D SPACE',''
  ) );
#405 = PCURVE('',#219,#406);
#406 = DEFINITIONAL_REPRESENTATION('',(#407),#411);
#407 = LINE('',#408,#409);
#408 = CARTESIAN_POINT('',(0.,0.15));
#409 = VECTOR('',#410,1.);
#410 = DIRECTION('',(1.,0.));
#411 = ( GEOMETRIC_REPRESENTATION_CONTEXT(2) 
PARAMETRIC_REPRESENTATION_CONTEXT() REPRESENTATION_CONTEXT('2D SPACE',''
  ) );
#412 = ADVANCED_FACE('',(#413),#164,.F.);
#413 = FACE_BOUND('',#414,.T.);
#414 = EDGE_LOOP('',(#415,#438,#439,#440));
#415 = ORIENTED_EDGE('',*,*,#416,.F.);
#416 = EDGE_CURVE('',#123,#417,#419,.T.);
#417 = VERTEX_POINT('',#418);
#418 = CARTESIAN_POINT('',(-3.35,1.,0.));
#419 = SURFACE_CURVE('',#420,(#424,#431),.PCURVE_S1.);
#420 = LINE('',#421,#422);
#421 = CARTESIAN_POINT('',(-3.925,0.425,0.));
#422 = VECTOR('',#423,1.);
#423 = DIRECTION('',(0.707106781187,0.707106781187,-0.));
#424 = PCURVE('',#164,#425);
#425 = DEFINITIONAL_REPRESENTATION('',(#426),#430);
#426 = LINE('',#427,#428);
#427 = CARTESIAN_POINT('',(-0.,-0.707106781187));
#428 = VECTOR('',#429,1.);
#429 = DIRECTION('',(-0.,1.));
#430 = ( GEOMETRIC_REPRESENTATION_CONTEXT(2) 
PARAMETRIC_REPRESENTATION_CONTEXT() REPRESENTATION_CONTEXT('2D SPACE',''
  ) );
#431 = PCURVE('',#138,#432);
#432 = DEFINITIONAL_REPRESENTATION('',(#433),#437);
#433 = LINE('',#434,#435);
#434 = CARTESIAN_POINT('',(-0.425,1.425));
#435 = VECTOR('',#436,1.);
#436 = DIRECTION('',(0.707106781187,0.707106781187));
#437 = ( GEOMETRIC_REPRESENTATION_CONTEXT(2) 
PARAMETRIC_REPRESENTATION_CONTEXT() REPRESENTATION_CONTEXT('2D SPACE',''
  ) );
#438 = ORIENTED_EDGE('',*,*,#150,.T.);
#439 = ORIENTED_EDGE('',*,*,#343,.T.);
#440 = ORIENTED_EDGE('',*,*,#441,.F.);
#441 = EDGE_CURVE('',#417,#316,#442,.T.);
#442 = SURFACE_CURVE('',#443,(#447,#454),.PCURVE_S1.);
#443 = LINE('',#444,#445);
#444 = CARTESIAN_POINT('',(-3.35,1.,0.));
#445 = VECTOR('',#446,1.);
#446 = DIRECTION('',(0.,0.,1.));
#447 = PCURVE('',#164,#448);
#448 = DEFINITIONAL_REPRESENTATION('',(#449),#453);
#449 = LINE('',#450,#451);
#450 = CARTESIAN_POINT('',(-0.,0.106066017178));
#451 = VECTOR('',#452,1.);
#452 = DIRECTION('',(-1.,0.));
#453 = ( GEOMETRIC_REPRESENTATION_CONTEXT(2) 
PARAMETRIC_REPRESENTATION_CONTEXT() REPRESENTATION_CONTEXT('2D SPACE',''
  ) );
#454 = PCURVE('',#331,#455);
#455 = DEFINITIONAL_REPRESENTATION('',(#456),#460);
#456 = LINE('',#457,#458);
#457 = CARTESIAN_POINT('',(0.,0.15));
#458 = VECTOR('',#459,1.);
#459 = DIRECTION('',(1.,0.));
#460 = ( GEOMETRIC_REPRESENTATION_CONTEXT(2) 
PARAMETRIC_REPRESENTATION_CONTEXT() REPRESENTATION_CONTEXT('2D SPACE',''
  ) );
#461 = ADVANCED_FACE('',(#462),#138,.F.);
#462 = FACE_BOUND('',#463,.F.);
#463 = EDGE_LOOP('',(#464,#465,#466,#489,#512,#535,#558,#579));
#464 = ORIENTED_EDGE('',*,*,#122,.F.);
#465 = ORIENTED_EDGE('',*,*,#367,.T.);
#466 = ORIENTED_EDGE('',*,*,#467,.T.);
#467 = EDGE_CURVE('',#368,#468,#470,.T.);
#468 = VERTEX_POINT('',#469);
#469 = CARTESIAN_POINT('',(3.35,-1.,0.));
#470 = SURFACE_CURVE('',#471,(#475,#482),.PCURVE_S1.);
#471 = LINE('',#472,#473);
#472 = CARTESIAN_POINT('',(-3.5,-1.,0.));
#473 = VECTOR('',#474,1.);
#474 = DIRECTION('',(1.,0.,0.));
#475 = PCURVE('',#138,#476);
#476 = DEFINITIONAL_REPRESENTATION('',(#477),#481);
#477 = LINE('',#478,#479);
#478 = CARTESIAN_POINT('',(0.,0.));
#479 = VECTOR('',#480,1.);
#480 = DIRECTION('',(1.,0.));
#481 = ( GEOMETRIC_REPRESENTATION_CONTEXT(2) 
PARAMETRIC_REPRESENTATION_CONTEXT() REPRESENTATION_CONTEXT('2D SPACE',''
  ) );
#482 = PCURVE('',#219,#483);
#483 = DEFINITIONAL_REPRESENTATION('',(#484),#488);
#484 = LINE('',#485,#486);
#485 = CARTESIAN_POINT('',(0.,0.));
#486 = VECTOR('',#487,1.);
#487 = DIRECTION('',(0.,1.));
#488 = ( GEOMETRIC_REPRESENTATION_CONTEXT(2) 
PARAMETRIC_REPRESENTATION_CONTEXT() REPRESENTATION_CONTEXT('2D SPACE',''
  ) );
#489 = ORIENTED_EDGE('',*,*,#490,.F.);
#490 = EDGE_CURVE('',#491,#468,#493,.T.);
#491 = VERTEX_POINT('',#492);
#492 = CARTESIAN_POINT('',(3.5,-0.85,0.));
#493 = SURFACE_CURVE('',#494,(#498,#505),.PCURVE_S1.);
#494 = LINE('',#495,#496);
#495 = CARTESIAN_POINT('',(1.675,-2.675,0.));
#496 = VECTOR('',#497,1.);
#497 = DIRECTION('',(-0.707106781187,-0.707106781187,0.));
#498 = PCURVE('',#138,#499);
#499 = DEFINITIONAL_REPRESENTATION('',(#500),#504);
#500 = LINE('',#501,#502);
#501 = CARTESIAN_POINT('',(5.175,-1.675));
#502 = VECTOR('',#503,1.);
#503 = DIRECTION('',(-0.707106781187,-0.707106781187));
#504 = ( GEOMETRIC_REPRESENTATION_CONTEXT(2) 
PARAMETRIC_REPRESENTATION_CONTEXT() REPRESENTATION_CONTEXT('2D SPACE',''
  ) );
#505 = PCURVE('',#247,#506);
#506 = DEFINITIONAL_REPRESENTATION('',(#507),#511);
#507 = LINE('',#508,#509);
#508 = CARTESIAN_POINT('',(-0.,2.474873734153));
#509 = VECTOR('',#510,1.);
#510 = DIRECTION('',(-0.,1.));
#511 = ( GEOMETRIC_REPRESENTATION_CONTEXT(2) 
PARAMETRIC_REPRESENTATION_CONTEXT() REPRESENTATION_CONTEXT('2D SPACE',''
  ) );
#512 = ORIENTED_EDGE('',*,*,#513,.T.);
#513 = EDGE_CURVE('',#491,#514,#516,.T.);
#514 = VERTEX_POINT('',#515);
#515 = CARTESIAN_POINT('',(3.5,0.85,0.));
#516 = SURFACE_CURVE('',#517,(#521,#528),.PCURVE_S1.);
#517 = LINE('',#518,#519);
#518 = CARTESIAN_POINT('',(3.5,-1.,0.));
#519 = VECTOR('',#520,1.);
#520 = DIRECTION('',(0.,1.,0.));
#521 = PCURVE('',#138,#522);
#522 = DEFINITIONAL_REPRESENTATION('',(#523),#527);
#523 = LINE('',#524,#525);
#524 = CARTESIAN_POINT('',(7.,0.));
#525 = VECTOR('',#526,1.);
#526 = DIRECTION('',(0.,1.));
#527 = ( GEOMETRIC_REPRESENTATION_CONTEXT(2) 
PARAMETRIC_REPRESENTATION_CONTEXT() REPRESENTATION_CONTEXT('2D SPACE',''
  ) );
#528 = PCURVE('',#275,#529);
#529 = DEFINITIONAL_REPRESENTATION('',(#530),#534);
#530 = LINE('',#531,#532);
#531 = CARTESIAN_POINT('',(0.,0.));
#532 = VECTOR('',#533,1.);
#533 = DIRECTION('',(0.,-1.));
#534 = ( GEOMETRIC_REPRESENTATION_CONTEXT(2) 
PARAMETRIC_REPRESENTATION_CONTEXT() REPRESENTATION_CONTEXT('2D SPACE',''
  ) );
#535 = ORIENTED_EDGE('',*,*,#536,.T.);
#536 = EDGE_CURVE('',#514,#537,#539,.T.);
#537 = VERTEX_POINT('',#538);
#538 = CARTESIAN_POINT('',(3.35,1.,0.));
#539 = SURFACE_CURVE('',#540,(#544,#551),.PCURVE_S1.);
#540 = LINE('',#541,#542);
#541 = CARTESIAN_POINT('',(2.175,2.175,0.));
#542 = VECTOR('',#543,1.);
#543 = DIRECTION('',(-0.707106781187,0.707106781187,0.));
#544 = PCURVE('',#138,#545);
#545 = DEFINITIONAL_REPRESENTATION('',(#546),#550);
#546 = LINE('',#547,#548);
#547 = CARTESIAN_POINT('',(5.675,3.175));
#548 = VECTOR('',#549,1.);
#549 = DIRECTION('',(-0.707106781187,0.707106781187));
#550 = ( GEOMETRIC_REPRESENTATION_CONTEXT(2) 
PARAMETRIC_REPRESENTATION_CONTEXT() REPRESENTATION_CONTEXT('2D SPACE',''
  ) );
#551 = PCURVE('',#303,#552);
#552 = DEFINITIONAL_REPRESENTATION('',(#553),#557);
#553 = LINE('',#554,#555);
#554 = CARTESIAN_POINT('',(-0.,1.767766952966));
#555 = VECTOR('',#556,1.);
#556 = DIRECTION('',(-0.,1.));
#557 = ( GEOMETRIC_REPRESENTATION_CONTEXT(2) 
PARAMETRIC_REPRESENTATION_CONTEXT() REPRESENTATION_CONTEXT('2D SPACE',''
  ) );
#558 = ORIENTED_EDGE('',*,*,#559,.F.);
#559 = EDGE_CURVE('',#417,#537,#560,.T.);
#560 = SURFACE_CURVE('',#561,(#565,#572),.PCURVE_S1.);
#561 = LINE('',#562,#563);
#562 = CARTESIAN_POINT('',(-3.5,1.,0.));
#563 = VECTOR('',#564,1.);
#564 = DIRECTION('',(1.,0.,0.));
#565 = PCURVE('',#138,#566);
#566 = DEFINITIONAL_REPRESENTATION('',(#567),#571);
#567 = LINE('',#568,#569);
#568 = CARTESIAN_POINT('',(0.,2.));
#569 = VECTOR('',#570,1.);
#570 = DIRECTION('',(1.,0.));
#571 = ( GEOMETRIC_REPRESENTATION_CONTEXT(2) 
PARAMETRIC_REPRESENTATION_CONTEXT() REPRESENTATION_CONTEXT('2D SPACE',''
  ) );
#572 = PCURVE('',#331,#573);
#573 = DEFINITIONAL_REPRESENTATION('',(#574),#578);
#574 = LINE('',#575,#576);
#575 = CARTESIAN_POINT('',(0.,0.));
#576 = VECTOR('',#577,1.);
#577 = DIRECTION('',(0.,1.));
#578 = ( GEOMETRIC_REPRESENTATION_CONTEXT(2) 
PARAMETRIC_REPRESENTATION_CONTEXT() REPRESENTATION_CONTEXT('2D SPACE',''
  ) );
#579 = ORIENTED_EDGE('',*,*,#416,.F.);
#580 = ADVANCED_FACE('',(#581),#219,.F.);
#581 = FACE_BOUND('',#582,.F.);
#582 = EDGE_LOOP('',(#583,#584,#585,#586));
#583 = ORIENTED_EDGE('',*,*,#467,.F.);
#584 = ORIENTED_EDGE('',*,*,#392,.T.);
#585 = ORIENTED_EDGE('',*,*,#203,.T.);
#586 = ORIENTED_EDGE('',*,*,#587,.F.);
#587 = EDGE_CURVE('',#468,#204,#588,.T.);
#588 = SURFACE_CURVE('',#589,(#593,#600),.PCURVE_S1.);
#589 = LINE('',#590,#591);
#590 = CARTESIAN_POINT('',(3.35,-1.,0.));
#591 = VECTOR('',#592,1.);
#592 = DIRECTION('',(0.,0.,1.));
#593 = PCURVE('',#219,#594);
#594 = DEFINITIONAL_REPRESENTATION('',(#595),#599);
#595 = LINE('',#596,#597);
#596 = CARTESIAN_POINT('',(0.,6.85));
#597 = VECTOR('',#598,1.);
#598 = DIRECTION('',(1.,0.));
#599 = ( GEOMETRIC_REPRESENTATION_CONTEXT(2) 
PARAMETRIC_REPRESENTATION_CONTEXT() REPRESENTATION_CONTEXT('2D SPACE',''
  ) );
#600 = PCURVE('',#247,#601);
#601 = DEFINITIONAL_REPRESENTATION('',(#602),#606);
#602 = LINE('',#603,#604);
#603 = CARTESIAN_POINT('',(-0.,0.106066017178));
#604 = VECTOR('',#605,1.);
#605 = DIRECTION('',(-1.,0.));
#606 = ( GEOMETRIC_REPRESENTATION_CONTEXT(2) 
PARAMETRIC_REPRESENTATION_CONTEXT() REPRESENTATION_CONTEXT('2D SPACE',''
  ) );
#607 = ADVANCED_FACE('',(#608),#331,.T.);
#608 = FACE_BOUND('',#609,.T.);
#609 = EDGE_LOOP('',(#610,#611,#612,#613));
#610 = ORIENTED_EDGE('',*,*,#559,.F.);
#611 = ORIENTED_EDGE('',*,*,#441,.T.);
#612 = ORIENTED_EDGE('',*,*,#315,.T.);
#613 = ORIENTED_EDGE('',*,*,#614,.F.);
#614 = EDGE_CURVE('',#537,#288,#615,.T.);
#615 = SURFACE_CURVE('',#616,(#620,#627),.PCURVE_S1.);
#616 = LINE('',#617,#618);
#617 = CARTESIAN_POINT('',(3.35,1.,0.));
#618 = VECTOR('',#619,1.);
#619 = DIRECTION('',(0.,0.,1.));
#620 = PCURVE('',#331,#621);
#621 = DEFINITIONAL_REPRESENTATION('',(#622),#626);
#622 = LINE('',#623,#624);
#623 = CARTESIAN_POINT('',(0.,6.85));
#624 = VECTOR('',#625,1.);
#625 = DIRECTION('',(1.,0.));
#626 = ( GEOMETRIC_REPRESENTATION_CONTEXT(2) 
PARAMETRIC_REPRESENTATION_CONTEXT() REPRESENTATION_CONTEXT('2D SPACE',''
  ) );
#627 = PCURVE('',#303,#628);
#628 = DEFINITIONAL_REPRESENTATION('',(#629),#633);
#629 = LINE('',#630,#631);
#630 = CARTESIAN_POINT('',(-0.,0.106066017178));
#631 = VECTOR('',#632,1.);
#632 = DIRECTION('',(-1.,0.));
#633 = ( GEOMETRIC_REPRESENTATION_CONTEXT(2) 
PARAMETRIC_REPRESENTATION_CONTEXT() REPRESENTATION_CONTEXT('2D SPACE',''
  ) );
#634 = ADVANCED_FACE('',(#635),#247,.F.);
#635 = FACE_BOUND('',#636,.T.);
#636 = EDGE_LOOP('',(#637,#638,#659,#660));
#637 = ORIENTED_EDGE('',*,*,#490,.F.);
#638 = ORIENTED_EDGE('',*,*,#639,.T.);
#639 = EDGE_CURVE('',#491,#232,#640,.T.);
#640 = SURFACE_CURVE('',#641,(#645,#652),.PCURVE_S1.);
#641 = LINE('',#642,#643);
#642 = CARTESIAN_POINT('',(3.5,-0.85,0.));
#643 = VECTOR('',#644,1.);
#644 = DIRECTION('',(0.,0.,1.));
#645 = PCURVE('',#247,#646);
#646 = DEFINITIONAL_REPRESENTATION('',(#647),#651);
#647 = LINE('',#648,#649);
#648 = CARTESIAN_POINT('',(-0.,-0.106066017178));
#649 = VECTOR('',#650,1.);
#650 = DIRECTION('',(-1.,0.));
#651 = ( GEOMETRIC_REPRESENTATION_CONTEXT(2) 
PARAMETRIC_REPRESENTATION_CONTEXT() REPRESENTATION_CONTEXT('2D SPACE',''
  ) );
#652 = PCURVE('',#275,#653);
#653 = DEFINITIONAL_REPRESENTATION('',(#654),#658);
#654 = LINE('',#655,#656);
#655 = CARTESIAN_POINT('',(0.,-0.15));
#656 = VECTOR('',#657,1.);
#657 = DIRECTION('',(1.,0.));
#658 = ( GEOMETRIC_REPRESENTATION_CONTEXT(2) 
PARAMETRIC_REPRESENTATION_CONTEXT() REPRESENTATION_CONTEXT('2D SPACE',''
  ) );
#659 = ORIENTED_EDGE('',*,*,#231,.T.);
#660 = ORIENTED_EDGE('',*,*,#587,.F.);
#661 = ADVANCED_FACE('',(#662),#303,.T.);
#662 = FACE_BOUND('',#663,.F.);
#663 = EDGE_LOOP('',(#664,#665,#686,#687));
#664 = ORIENTED_EDGE('',*,*,#536,.F.);
#665 = ORIENTED_EDGE('',*,*,#666,.T.);
#666 = EDGE_CURVE('',#514,#260,#667,.T.);
#667 = SURFACE_CURVE('',#668,(#672,#679),.PCURVE_S1.);
#668 = LINE('',#669,#670);
#669 = CARTESIAN_POINT('',(3.5,0.85,0.));
#670 = VECTOR('',#671,1.);
#671 = DIRECTION('',(0.,0.,1.));
#672 = PCURVE('',#303,#673);
#673 = DEFINITIONAL_REPRESENTATION('',(#674),#678);
#674 = LINE('',#675,#676);
#675 = CARTESIAN_POINT('',(-0.,-0.106066017178));
#676 = VECTOR('',#677,1.);
#677 = DIRECTION('',(-1.,0.));
#678 = ( GEOMETRIC_REPRESENTATION_CONTEXT(2) 
PARAMETRIC_REPRESENTATION_CONTEXT() REPRESENTATION_CONTEXT('2D SPACE',''
  ) );
#679 = PCURVE('',#275,#680);
#680 = DEFINITIONAL_REPRESENTATION('',(#681),#685);
#681 = LINE('',#682,#683);
#682 = CARTESIAN_POINT('',(0.,-1.85));
#683 = VECTOR('',#684,1.);
#684 = DIRECTION('',(1.,0.));
#685 = ( GEOMETRIC_REPRESENTATION_CONTEXT(2) 
PARAMETRIC_REPRESENTATION_CONTEXT() REPRESENTATION_CONTEXT('2D SPACE',''
  ) );
#686 = ORIENTED_EDGE('',*,*,#287,.T.);
#687 = ORIENTED_EDGE('',*,*,#614,.F.);
#688 = ADVANCED_FACE('',(#689),#275,.T.);
#689 = FACE_BOUND('',#690,.T.);
#690 = EDGE_LOOP('',(#691,#692,#693,#694));
#691 = ORIENTED_EDGE('',*,*,#259,.F.);
#692 = ORIENTED_EDGE('',*,*,#639,.F.);
#693 = ORIENTED_EDGE('',*,*,#513,.T.);
#694 = ORIENTED_EDGE('',*,*,#666,.T.);
#695 = ( GEOMETRIC_REPRESENTATION_CONTEXT(3) 
GLOBAL_UNCERTAINTY_ASSIGNED_CONTEXT((#699)) GLOBAL_UNIT_ASSIGNED_CONTEXT
((#696,#697,#698)) REPRESENTATION_CONTEXT('Context #1',
  '3D Context with UNIT and UNCERTAINTY') );
#696 = ( LENGTH_UNIT() NAMED_UNIT(*) SI_UNIT(.MILLI.,.METRE.) );
#697 = ( NAMED_UNIT(*) PLANE_ANGLE_UNIT() SI_UNIT($,.RADIAN.) );
#698 = ( NAMED_UNIT(*) SI_UNIT($,.STERADIAN.) SOLID_ANGLE_UNIT() );
#699 = UNCERTAINTY_MEASURE_WITH_UNIT(LENGTH_MEASURE(5.E-05),#696,
  'distance_accuracy_value','confusion accuracy');
#700 = CONTEXT_DEPENDENT_SHAPE_REPRESENTATION(#701,#703);
#701 = ( REPRESENTATION_RELATIONSHIP('','',#52,#10) 
REPRESENTATION_RELATIONSHIP_WITH_TRANSFORMATION(#702) 
SHAPE_REPRESENTATION_RELATIONSHIP() );
#702 = ITEM_DEFINED_TRANSFORMATION('','',#11,#15);
#703 = PRODUCT_DEFINITION_SHAPE('Placement','Placement of an item',#704
  );
#704 = NEXT_ASSEMBLY_USAGE_OCCURRENCE('1','body','',#5,#47,$);
#705 = PRODUCT_RELATED_PRODUCT_CATEGORY('part',$,(#49));
#706 = SHAPE_DEFINITION_REPRESENTATION(#707,#713);
#707 = PRODUCT_DEFINITION_SHAPE('','',#708);
#708 = PRODUCT_DEFINITION('design','',#709,#712);
#709 = PRODUCT_DEFINITION_FORMATION('','',#710);
#710 = PRODUCT('term1','term1','',(#711));
#711 = PRODUCT_CONTEXT('',#2,'mechanical');
#712 = PRODUCT_DEFINITION_CONTEXT('part definition',#2,'design');
#713 = ADVANCED_BREP_SHAPE_REPRESENTATION('',(#11,#714),#1044);
#714 = MANIFOLD_SOLID_BREP('',#715);
#715 = CLOSED_SHELL('',(#716,#836,#936,#983,#1030,#1037));
#716 = ADVANCED_FACE('',(#717),#731,.F.);
#717 = FACE_BOUND('',#718,.F.);
#718 = EDGE_LOOP('',(#719,#754,#782,#810));
#719 = ORIENTED_EDGE('',*,*,#720,.F.);
#720 = EDGE_CURVE('',#721,#723,#725,.T.);
#721 = VERTEX_POINT('',#722);
#722 = CARTESIAN_POINT('',(-3.55,-1.05,-5.E-02));
#723 = VERTEX_POINT('',#724);
#724 = CARTESIAN_POINT('',(-3.55,-1.05,2.05));
#725 = SURFACE_CURVE('',#726,(#730,#742),.PCURVE_S1.);
#726 = LINE('',#727,#728);
#727 = CARTESIAN_POINT('',(-3.55,-1.05,-5.E-02));
#728 = VECTOR('',#729,1.);
#729 = DIRECTION('',(0.,0.,1.));
#730 = PCURVE('',#731,#736);
#731 = PLANE('',#732);
#732 = AXIS2_PLACEMENT_3D('',#733,#734,#735);
#733 = CARTESIAN_POINT('',(-3.55,-1.05,-5.E-02));
#734 = DIRECTION('',(1.,0.,0.));
#735 = DIRECTION('',(0.,0.,1.));
#736 = DEFINITIONAL_REPRESENTATION('',(#737),#741);
#737 = LINE('',#738,#739);
#738 = CARTESIAN_POINT('',(0.,0.));
#739 = VECTOR('',#740,1.);
#740 = DIRECTION('',(1.,0.));
#741 = ( GEOMETRIC_REPRESENTATION_CONTEXT(2) 
PARAMETRIC_REPRESENTATION_CONTEXT() REPRESENTATION_CONTEXT('2D SPACE',''
  ) );
#742 = PCURVE('',#743,#748);
#743 = PLANE('',#744);
#744 = AXIS2_PLACEMENT_3D('',#745,#746,#747);
#745 = CARTESIAN_POINT('',(-3.55,-1.05,-5.E-02));
#746 = DIRECTION('',(0.,1.,0.));
#747 = DIRECTION('',(0.,0.,1.));
#748 = DEFINITIONAL_REPRESENTATION('',(#749),#753);
#749 = LINE('',#750,#751);
#750 = CARTESIAN_POINT('',(0.,0.));
#751 = VECTOR('',#752,1.);
#752 = DIRECTION('',(1.,0.));
#753 = ( GEOMETRIC_REPRESENTATION_CONTEXT(2) 
PARAMETRIC_REPRESENTATION_CONTEXT() REPRESENTATION_CONTEXT('2D SPACE',''
  ) );
#754 = ORIENTED_EDGE('',*,*,#755,.T.);
#755 = EDGE_CURVE('',#721,#756,#758,.T.);
#756 = VERTEX_POINT('',#757);
#757 = CARTESIAN_POINT('',(-3.55,1.05,-5.E-02));
#758 = SURFACE_CURVE('',#759,(#763,#770),.PCURVE_S1.);
#759 = LINE('',#760,#761);
#760 = CARTESIAN_POINT('',(-3.55,-1.05,-5.E-02));
#761 = VECTOR('',#762,1.);
#762 = DIRECTION('',(0.,1.,0.));
#763 = PCURVE('',#731,#764);
#764 = DEFINITIONAL_REPRESENTATION('',(#765),#769);
#765 = LINE('',#766,#767);
#766 = CARTESIAN_POINT('',(0.,0.));
#767 = VECTOR('',#768,1.);
#768 = DIRECTION('',(0.,-1.));
#769 = ( GEOMETRIC_REPRESENTATION_CONTEXT(2) 
PARAMETRIC_REPRESENTATION_CONTEXT() REPRESENTATION_CONTEXT('2D SPACE',''
  ) );
#770 = PCURVE('',#771,#776);
#771 = PLANE('',#772);
#772 = AXIS2_PLACEMENT_3D('',#773,#774,#775);
#773 = CARTESIAN_POINT('',(-3.55,-1.05,-5.E-02));
#774 = DIRECTION('',(0.,0.,1.));
#775 = DIRECTION('',(1.,0.,0.));
#776 = DEFINITIONAL_REPRESENTATION('',(#777),#781);
#777 = LINE('',#778,#779);
#778 = CARTESIAN_POINT('',(0.,0.));
#779 = VECTOR('',#780,1.);
#780 = DIRECTION('',(0.,1.));
#781 = ( GEOMETRIC_REPRESENTATION_CONTEXT(2) 
PARAMETRIC_REPRESENTATION_CONTEXT() REPRESENTATION_CONTEXT('2D SPACE',''
  ) );
#782 = ORIENTED_EDGE('',*,*,#783,.T.);
#783 = EDGE_CURVE('',#756,#784,#786,.T.);
#784 = VERTEX_POINT('',#785);
#785 = CARTESIAN_POINT('',(-3.55,1.05,2.05));
#786 = SURFACE_CURVE('',#787,(#791,#798),.PCURVE_S1.);
#787 = LINE('',#788,#789);
#788 = CARTESIAN_POINT('',(-3.55,1.05,-5.E-02));
#789 = VECTOR('',#790,1.);
#790 = DIRECTION('',(0.,0.,1.));
#791 = PCURVE('',#731,#792);
#792 = DEFINITIONAL_REPRESENTATION('',(#793),#797);
#793 = LINE('',#794,#795);
#794 = CARTESIAN_POINT('',(0.,-2.1));
#795 = VECTOR('',#796,1.);
#796 = DIRECTION('',(1.,0.));
#797 = ( GEOMETRIC_REPRESENTATION_CONTEXT(2) 
PARAMETRIC_REPRESENTATION_CONTEXT() REPRESENTATION_CONTEXT('2D SPACE',''
  ) );
#798 = PCURVE('',#799,#804);
#799 = PLANE('',#800);
#800 = AXIS2_PLACEMENT_3D('',#801,#802,#803);
#801 = CARTESIAN_POINT('',(-3.55,1.05,-5.E-02));
#802 = DIRECTION('',(0.,1.,0.));
#803 = DIRECTION('',(0.,0.,1.));
#804 = DEFINITIONAL_REPRESENTATION('',(#805),#809);
#805 = LINE('',#806,#807);
#806 = CARTESIAN_POINT('',(0.,0.));
#807 = VECTOR('',#808,1.);
#808 = DIRECTION('',(1.,0.));
#809 = ( GEOMETRIC_REPRESENTATION_CONTEXT(2) 
PARAMETRIC_REPRESENTATION_CONTEXT() REPRESENTATION_CONTEXT('2D SPACE',''
  ) );
#810 = ORIENTED_EDGE('',*,*,#811,.F.);
#811 = EDGE_CURVE('',#723,#784,#812,.T.);
#812 = SURFACE_CURVE('',#813,(#817,#824),.PCURVE_S1.);
#813 = LINE('',#814,#815);
#814 = CARTESIAN_POINT('',(-3.55,-1.05,2.05));
#815 = VECTOR('',#816,1.);
#816 = DIRECTION('',(0.,1.,0.));
#817 = PCURVE('',#731,#818);
#818 = DEFINITIONAL_REPRESENTATION('',(#819),#823);
#819 = LINE('',#820,#821);
#820 = CARTESIAN_POINT('',(2.1,0.));
#821 = VECTOR('',#822,1.);
#822 = DIRECTION('',(0.,-1.));
#823 = ( GEOMETRIC_REPRESENTATION_CONTEXT(2) 
PARAMETRIC_REPRESENTATION_CONTEXT() REPRESENTATION_CONTEXT('2D SPACE',''
  ) );
#824 = PCURVE('',#825,#830);
#825 = PLANE('',#826);
#826 = AXIS2_PLACEMENT_3D('',#827,#828,#829);
#827 = CARTESIAN_POINT('',(-3.55,-1.05,2.05));
#828 = DIRECTION('',(0.,0.,1.));
#829 = DIRECTION('',(1.,0.,0.));
#830 = DEFINITIONAL_REPRESENTATION('',(#831),#835);
#831 = LINE('',#832,#833);
#832 = CARTESIAN_POINT('',(0.,0.));
#833 = VECTOR('',#834,1.);
#834 = DIRECTION('',(0.,1.));
#835 = ( GEOMETRIC_REPRESENTATION_CONTEXT(2) 
PARAMETRIC_REPRESENTATION_CONTEXT() REPRESENTATION_CONTEXT('2D SPACE',''
  ) );
#836 = ADVANCED_FACE('',(#837),#851,.T.);
#837 = FACE_BOUND('',#838,.T.);
#838 = EDGE_LOOP('',(#839,#869,#892,#915));
#839 = ORIENTED_EDGE('',*,*,#840,.F.);
#840 = EDGE_CURVE('',#841,#843,#845,.T.);
#841 = VERTEX_POINT('',#842);
#842 = CARTESIAN_POINT('',(-2.7,-1.05,-5.E-02));
#843 = VERTEX_POINT('',#844);
#844 = CARTESIAN_POINT('',(-2.7,-1.05,2.05));
#845 = SURFACE_CURVE('',#846,(#850,#862),.PCURVE_S1.);
#846 = LINE('',#847,#848);
#847 = CARTESIAN_POINT('',(-2.7,-1.05,-5.E-02));
#848 = VECTOR('',#849,1.);
#849 = DIRECTION('',(0.,0.,1.));
#850 = PCURVE('',#851,#856);
#851 = PLANE('',#852);
#852 = AXIS2_PLACEMENT_3D('',#853,#854,#855);
#853 = CARTESIAN_POINT('',(-2.7,-1.05,-5.E-02));
#854 = DIRECTION('',(1.,0.,0.));
#855 = DIRECTION('',(0.,0.,1.));
#856 = DEFINITIONAL_REPRESENTATION('',(#857),#861);
#857 = LINE('',#858,#859);
#858 = CARTESIAN_POINT('',(0.,0.));
#859 = VECTOR('',#860,1.);
#860 = DIRECTION('',(1.,0.));
#861 = ( GEOMETRIC_REPRESENTATION_CONTEXT(2) 
PARAMETRIC_REPRESENTATION_CONTEXT() REPRESENTATION_CONTEXT('2D SPACE',''
  ) );
#862 = PCURVE('',#743,#863);
#863 = DEFINITIONAL_REPRESENTATION('',(#864),#868);
#864 = LINE('',#865,#866);
#865 = CARTESIAN_POINT('',(0.,0.85));
#866 = VECTOR('',#867,1.);
#867 = DIRECTION('',(1.,0.));
#868 = ( GEOMETRIC_REPRESENTATION_CONTEXT(2) 
PARAMETRIC_REPRESENTATION_CONTEXT() REPRESENTATION_CONTEXT('2D SPACE',''
  ) );
#869 = ORIENTED_EDGE('',*,*,#870,.T.);
#870 = EDGE_CURVE('',#841,#871,#873,.T.);
#871 = VERTEX_POINT('',#872);
#872 = CARTESIAN_POINT('',(-2.7,1.05,-5.E-02));
#873 = SURFACE_CURVE('',#874,(#878,#885),.PCURVE_S1.);
#874 = LINE('',#875,#876);
#875 = CARTESIAN_POINT('',(-2.7,-1.05,-5.E-02));
#876 = VECTOR('',#877,1.);
#877 = DIRECTION('',(0.,1.,0.));
#878 = PCURVE('',#851,#879);
#879 = DEFINITIONAL_REPRESENTATION('',(#880),#884);
#880 = LINE('',#881,#882);
#881 = CARTESIAN_POINT('',(0.,0.));
#882 = VECTOR('',#883,1.);
#883 = DIRECTION('',(0.,-1.));
#884 = ( GEOMETRIC_REPRESENTATION_CONTEXT(2) 
PARAMETRIC_REPRESENTATION_CONTEXT() REPRESENTATION_CONTEXT('2D SPACE',''
  ) );
#885 = PCURVE('',#771,#886);
#886 = DEFINITIONAL_REPRESENTATION('',(#887),#891);
#887 = LINE('',#888,#889);
#888 = CARTESIAN_POINT('',(0.85,0.));
#889 = VECTOR('',#890,1.);
#890 = DIRECTION('',(0.,1.));
#891 = ( GEOMETRIC_REPRESENTATION_CONTEXT(2) 
PARAMETRIC_REPRESENTATION_CONTEXT() REPRESENTATION_CONTEXT('2D SPACE',''
  ) );
#892 = ORIENTED_EDGE('',*,*,#893,.T.);
#893 = EDGE_CURVE('',#871,#894,#896,.T.);
#894 = VERTEX_POINT('',#895);
#895 = CARTESIAN_POINT('',(-2.7,1.05,2.05));
#896 = SURFACE_CURVE('',#897,(#901,#908),.PCURVE_S1.);
#897 = LINE('',#898,#899);
#898 = CARTESIAN_POINT('',(-2.7,1.05,-5.E-02));
#899 = VECTOR('',#900,1.);
#900 = DIRECTION('',(0.,0.,1.));
#901 = PCURVE('',#851,#902);
#902 = DEFINITIONAL_REPRESENTATION('',(#903),#907);
#903 = LINE('',#904,#905);
#904 = CARTESIAN_POINT('',(0.,-2.1));
#905 = VECTOR('',#906,1.);
#906 = DIRECTION('',(1.,0.));
#907 = ( GEOMETRIC_REPRESENTATION_CONTEXT(2) 
PARAMETRIC_REPRESENTATION_CONTEXT() REPRESENTATION_CONTEXT('2D SPACE',''
  ) );
#908 = PCURVE('',#799,#909);
#909 = DEFINITIONAL_REPRESENTATION('',(#910),#914);
#910 = LINE('',#911,#912);
#911 = CARTESIAN_POINT('',(0.,0.85));
#912 = VECTOR('',#913,1.);
#913 = DIRECTION('',(1.,0.));
#914 = ( GEOMETRIC_REPRESENTATION_CONTEXT(2) 
PARAMETRIC_REPRESENTATION_CONTEXT() REPRESENTATION_CONTEXT('2D SPACE',''
  ) );
#915 = ORIENTED_EDGE('',*,*,#916,.F.);
#916 = EDGE_CURVE('',#843,#894,#917,.T.);
#917 = SURFACE_CURVE('',#918,(#922,#929),.PCURVE_S1.);
#918 = LINE('',#919,#920);
#919 = CARTESIAN_POINT('',(-2.7,-1.05,2.05));
#920 = VECTOR('',#921,1.);
#921 = DIRECTION('',(0.,1.,0.));
#922 = PCURVE('',#851,#923);
#923 = DEFINITIONAL_REPRESENTATION('',(#924),#928);
#924 = LINE('',#925,#926);
#925 = CARTESIAN_POINT('',(2.1,0.));
#926 = VECTOR('',#927,1.);
#927 = DIRECTION('',(0.,-1.));
#928 = ( GEOMETRIC_REPRESENTATION_CONTEXT(2) 
PARAMETRIC_REPRESENTATION_CONTEXT() REPRESENTATION_CONTEXT('2D SPACE',''
  ) );
#929 = PCURVE('',#825,#930);
#930 = DEFINITIONAL_REPRESENTATION('',(#931),#935);
#931 = LINE('',#932,#933);
#932 = CARTESIAN_POINT('',(0.85,0.));
#933 = VECTOR('',#934,1.);
#934 = DIRECTION('',(0.,1.));
#935 = ( GEOMETRIC_REPRESENTATION_CONTEXT(2) 
PARAMETRIC_REPRESENTATION_CONTEXT() REPRESENTATION_CONTEXT('2D SPACE',''
  ) );
#936 = ADVANCED_FACE('',(#937),#743,.F.);
#937 = FACE_BOUND('',#938,.F.);
#938 = EDGE_LOOP('',(#939,#960,#961,#982));
#939 = ORIENTED_EDGE('',*,*,#940,.F.);
#940 = EDGE_CURVE('',#721,#841,#941,.T.);
#941 = SURFACE_CURVE('',#942,(#946,#953),.PCURVE_S1.);
#942 = LINE('',#943,#944);
#943 = CARTESIAN_POINT('',(-3.55,-1.05,-5.E-02));
#944 = VECTOR('',#945,1.);
#945 = DIRECTION('',(1.,0.,0.));
#946 = PCURVE('',#743,#947);
#947 = DEFINITIONAL_REPRESENTATION('',(#948),#952);
#948 = LINE('',#949,#950);
#949 = CARTESIAN_POINT('',(0.,0.));
#950 = VECTOR('',#951,1.);
#951 = DIRECTION('',(0.,1.));
#952 = ( GEOMETRIC_REPRESENTATION_CONTEXT(2) 
PARAMETRIC_REPRESENTATION_CONTEXT() REPRESENTATION_CONTEXT('2D SPACE',''
  ) );
#953 = PCURVE('',#771,#954);
#954 = DEFINITIONAL_REPRESENTATION('',(#955),#959);
#955 = LINE('',#956,#957);
#956 = CARTESIAN_POINT('',(0.,0.));
#957 = VECTOR('',#958,1.);
#958 = DIRECTION('',(1.,0.));
#959 = ( GEOMETRIC_REPRESENTATION_CONTEXT(2) 
PARAMETRIC_REPRESENTATION_CONTEXT() REPRESENTATION_CONTEXT('2D SPACE',''
  ) );
#960 = ORIENTED_EDGE('',*,*,#720,.T.);
#961 = ORIENTED_EDGE('',*,*,#962,.T.);
#962 = EDGE_CURVE('',#723,#843,#963,.T.);
#963 = SURFACE_CURVE('',#964,(#968,#975),.PCURVE_S1.);
#964 = LINE('',#965,#966);
#965 = CARTESIAN_POINT('',(-3.55,-1.05,2.05));
#966 = VECTOR('',#967,1.);
#967 = DIRECTION('',(1.,0.,0.));
#968 = PCURVE('',#743,#969);
#969 = DEFINITIONAL_REPRESENTATION('',(#970),#974);
#970 = LINE('',#971,#972);
#971 = CARTESIAN_POINT('',(2.1,0.));
#972 = VECTOR('',#973,1.);
#973 = DIRECTION('',(0.,1.));
#974 = ( GEOMETRIC_REPRESENTATION_CONTEXT(2) 
PARAMETRIC_REPRESENTATION_CONTEXT() REPRESENTATION_CONTEXT('2D SPACE',''
  ) );
#975 = PCURVE('',#825,#976);
#976 = DEFINITIONAL_REPRESENTATION('',(#977),#981);
#977 = LINE('',#978,#979);
#978 = CARTESIAN_POINT('',(0.,0.));
#979 = VECTOR('',#980,1.);
#980 = DIRECTION('',(1.,0.));
#981 = ( GEOMETRIC_REPRESENTATION_CONTEXT(2) 
PARAMETRIC_REPRESENTATION_CONTEXT() REPRESENTATION_CONTEXT('2D SPACE',''
  ) );
#982 = ORIENTED_EDGE('',*,*,#840,.F.);
#983 = ADVANCED_FACE('',(#984),#799,.T.);
#984 = FACE_BOUND('',#985,.T.);
#985 = EDGE_LOOP('',(#986,#1007,#1008,#1029));
#986 = ORIENTED_EDGE('',*,*,#987,.F.);
#987 = EDGE_CURVE('',#756,#871,#988,.T.);
#988 = SURFACE_CURVE('',#989,(#993,#1000),.PCURVE_S1.);
#989 = LINE('',#990,#991);
#990 = CARTESIAN_POINT('',(-3.55,1.05,-5.E-02));
#991 = VECTOR('',#992,1.);
#992 = DIRECTION('',(1.,0.,0.));
#993 = PCURVE('',#799,#994);
#994 = DEFINITIONAL_REPRESENTATION('',(#995),#999);
#995 = LINE('',#996,#997);
#996 = CARTESIAN_POINT('',(0.,0.));
#997 = VECTOR('',#998,1.);
#998 = DIRECTION('',(0.,1.));
#999 = ( GEOMETRIC_REPRESENTATION_CONTEXT(2) 
PARAMETRIC_REPRESENTATION_CONTEXT() REPRESENTATION_CONTEXT('2D SPACE',''
  ) );
#1000 = PCURVE('',#771,#1001);
#1001 = DEFINITIONAL_REPRESENTATION('',(#1002),#1006);
#1002 = LINE('',#1003,#1004);
#1003 = CARTESIAN_POINT('',(0.,2.1));
#1004 = VECTOR('',#1005,1.);
#1005 = DIRECTION('',(1.,0.));
#1006 = ( GEOMETRIC_REPRESENTATION_CONTEXT(2) 
PARAMETRIC_REPRESENTATION_CONTEXT() REPRESENTATION_CONTEXT('2D SPACE',''
  ) );
#1007 = ORIENTED_EDGE('',*,*,#783,.T.);
#1008 = ORIENTED_EDGE('',*,*,#1009,.T.);
#1009 = EDGE_CURVE('',#784,#894,#1010,.T.);
#1010 = SURFACE_CURVE('',#1011,(#1015,#1022),.PCURVE_S1.);
#1011 = LINE('',#1012,#1013);
#1012 = CARTESIAN_POINT('',(-3.55,1.05,2.05));
#1013 = VECTOR('',#1014,1.);
#1014 = DIRECTION('',(1.,0.,0.));
#1015 = PCURVE('',#799,#1016);
#1016 = DEFINITIONAL_REPRESENTATION('',(#1017),#1021);
#1017 = LINE('',#1018,#1019);
#1018 = CARTESIAN_POINT('',(2.1,0.));
#1019 = VECTOR('',#1020,1.);
#1020 = DIRECTION('',(0.,1.));
#1021 = ( GEOMETRIC_REPRESENTATION_CONTEXT(2) 
PARAMETRIC_REPRESENTATION_CONTEXT() REPRESENTATION_CONTEXT('2D SPACE',''
  ) );
#1022 = PCURVE('',#825,#1023);
#1023 = DEFINITIONAL_REPRESENTATION('',(#1024),#1028);
#1024 = LINE('',#1025,#1026);
#1025 = CARTESIAN_POINT('',(0.,2.1));
#1026 = VECTOR('',#1027,1.);
#1027 = DIRECTION('',(1.,0.));
#1028 = ( GEOMETRIC_REPRESENTATION_CONTEXT(2) 
PARAMETRIC_REPRESENTATION_CONTEXT() REPRESENTATION_CONTEXT('2D SPACE',''
  ) );
#1029 = ORIENTED_EDGE('',*,*,#893,.F.);
#1030 = ADVANCED_FACE('',(#1031),#771,.F.);
#1031 = FACE_BOUND('',#1032,.F.);
#1032 = EDGE_LOOP('',(#1033,#1034,#1035,#1036));
#1033 = ORIENTED_EDGE('',*,*,#755,.F.);
#1034 = ORIENTED_EDGE('',*,*,#940,.T.);
#1035 = ORIENTED_EDGE('',*,*,#870,.T.);
#1036 = ORIENTED_EDGE('',*,*,#987,.F.);
#1037 = ADVANCED_FACE('',(#1038),#825,.T.);
#1038 = FACE_BOUND('',#1039,.T.);
#1039 = EDGE_LOOP('',(#1040,#1041,#1042,#1043));
#1040 = ORIENTED_EDGE('',*,*,#811,.F.);
#1041 = ORIENTED_EDGE('',*,*,#962,.T.);
#1042 = ORIENTED_EDGE('',*,*,#916,.T.);
#1043 = ORIENTED_EDGE('',*,*,#1009,.F.);
#1044 = ( GEOMETRIC_REPRESENTATION_CONTEXT(3) 
GLOBAL_UNCERTAINTY_ASSIGNED_CONTEXT((#1048)) 
GLOBAL_UNIT_ASSIGNED_CONTEXT((#1045,#1046,#1047)) REPRESENTATION_CONTEXT
('Context #1','3D Context with UNIT and UNCERTAINTY') );
#1045 = ( LENGTH_UNIT() NAMED_UNIT(*) SI_UNIT(.MILLI.,.METRE.) );
#1046 = ( NAMED_UNIT(*) PLANE_ANGLE_UNIT() SI_UNIT($,.RADIAN.) );
#1047 = ( NAMED_UNIT(*) SI_UNIT($,.STERADIAN.) SOLID_ANGLE_UNIT() );
#1048 = UNCERTAINTY_MEASURE_WITH_UNIT(LENGTH_MEASURE(1.E-07),#1045,
  'distance_accuracy_value','confusion accuracy');
#1049 = CONTEXT_DEPENDENT_SHAPE_REPRESENTATION(#1050,#1052);
#1050 = ( REPRESENTATION_RELATIONSHIP('','',#713,#10) 
REPRESENTATION_RELATIONSHIP_WITH_TRANSFORMATION(#1051) 
SHAPE_REPRESENTATION_RELATIONSHIP() );
#1051 = ITEM_DEFINED_TRANSFORMATION('','',#11,#19);
#1052 = PRODUCT_DEFINITION_SHAPE('Placement','Placement of an item',
  #1053);
#1053 = NEXT_ASSEMBLY_USAGE_OCCURRENCE('2','term1','',#5,#708,$);
#1054 = PRODUCT_RELATED_PRODUCT_CATEGORY('part',$,(#710));
#1055 = SHAPE_DEFINITION_REPRESENTATION(#1056,#1062);
#1056 = PRODUCT_DEFINITION_SHAPE('','',#1057);
#1057 = PRODUCT_DEFINITION('design','',#1058,#1061);
#1058 = PRODUCT_DEFINITION_FORMATION('','',#1059);
#1059 = PRODUCT('term3','term3','',(#1060));
#1060 = PRODUCT_CONTEXT('',#2,'mechanical');
#1061 = PRODUCT_DEFINITION_CONTEXT('part definition',#2,'design');
#1062 = ADVANCED_BREP_SHAPE_REPRESENTATION('',(#11,#1063),#1393);
#1063 = MANIFOLD_SOLID_BREP('',#1064);
#1064 = CLOSED_SHELL('',(#1065,#1185,#1285,#1332,#1379,#1386));
#1065 = ADVANCED_FACE('',(#1066),#1080,.F.);
#1066 = FACE_BOUND('',#1067,.F.);
#1067 = EDGE_LOOP('',(#1068,#1103,#1131,#1159));
#1068 = ORIENTED_EDGE('',*,*,#1069,.F.);
#1069 = EDGE_CURVE('',#1070,#1072,#1074,.T.);
#1070 = VERTEX_POINT('',#1071);
#1071 = CARTESIAN_POINT('',(2.7,-1.05,-5.E-02));
#1072 = VERTEX_POINT('',#1073);
#1073 = CARTESIAN_POINT('',(2.7,-1.05,2.05));
#1074 = SURFACE_CURVE('',#1075,(#1079,#1091),.PCURVE_S1.);
#1075 = LINE('',#1076,#1077);
#1076 = CARTESIAN_POINT('',(2.7,-1.05,-5.E-02));
#1077 = VECTOR('',#1078,1.);
#1078 = DIRECTION('',(0.,0.,1.));
#1079 = PCURVE('',#1080,#1085);
#1080 = PLANE('',#1081);
#1081 = AXIS2_PLACEMENT_3D('',#1082,#1083,#1084);
#1082 = CARTESIAN_POINT('',(2.7,-1.05,-5.E-02));
#1083 = DIRECTION('',(1.,0.,0.));
#1084 = DIRECTION('',(0.,0.,1.));
#1085 = DEFINITIONAL_REPRESENTATION('',(#1086),#1090);
#1086 = LINE('',#1087,#1088);
#1087 = CARTESIAN_POINT('',(0.,0.));
#1088 = VECTOR('',#1089,1.);
#1089 = DIRECTION('',(1.,0.));
#1090 = ( GEOMETRIC_REPRESENTATION_CONTEXT(2) 
PARAMETRIC_REPRESENTATION_CONTEXT() REPRESENTATION_CONTEXT('2D SPACE',''
  ) );
#1091 = PCURVE('',#1092,#1097);
#1092 = PLANE('',#1093);
#1093 = AXIS2_PLACEMENT_3D('',#1094,#1095,#1096);
#1094 = CARTESIAN_POINT('',(2.7,-1.05,-5.E-02));
#1095 = DIRECTION('',(0.,1.,0.));
#1096 = DIRECTION('',(0.,0.,1.));
#1097 = DEFINITIONAL_REPRESENTATION('',(#1098),#1102);
#1098 = LINE('',#1099,#1100);
#1099 = CARTESIAN_POINT('',(0.,0.));
#1100 = VECTOR('',#1101,1.);
#1101 = DIRECTION('',(1.,0.));
#1102 = ( GEOMETRIC_REPRESENTATION_CONTEXT(2) 
PARAMETRIC_REPRESENTATION_CONTEXT() REPRESENTATION_CONTEXT('2D SPACE',''
  ) );
#1103 = ORIENTED_EDGE('',*,*,#1104,.T.);
#1104 = EDGE_CURVE('',#1070,#1105,#1107,.T.);
#1105 = VERTEX_POINT('',#1106);
#1106 = CARTESIAN_POINT('',(2.7,1.05,-5.E-02));
#1107 = SURFACE_CURVE('',#1108,(#1112,#1119),.PCURVE_S1.);
#1108 = LINE('',#1109,#1110);
#1109 = CARTESIAN_POINT('',(2.7,-1.05,-5.E-02));
#1110 = VECTOR('',#1111,1.);
#1111 = DIRECTION('',(0.,1.,0.));
#1112 = PCURVE('',#1080,#1113);
#1113 = DEFINITIONAL_REPRESENTATION('',(#1114),#1118);
#1114 = LINE('',#1115,#1116);
#1115 = CARTESIAN_POINT('',(0.,0.));
#1116 = VECTOR('',#1117,1.);
#1117 = DIRECTION('',(0.,-1.));
#1118 = ( GEOMETRIC_REPRESENTATION_CONTEXT(2) 
PARAMETRIC_REPRESENTATION_CONTEXT() REPRESENTATION_CONTEXT('2D SPACE',''
  ) );
#1119 = PCURVE('',#1120,#1125);
#1120 = PLANE('',#1121);
#1121 = AXIS2_PLACEMENT_3D('',#1122,#1123,#1124);
#1122 = CARTESIAN_POINT('',(2.7,-1.05,-5.E-02));
#1123 = DIRECTION('',(0.,0.,1.));
#1124 = DIRECTION('',(1.,0.,0.));
#1125 = DEFINITIONAL_REPRESENTATION('',(#1126),#1130);
#1126 = LINE('',#1127,#1128);
#1127 = CARTESIAN_POINT('',(0.,0.));
#1128 = VECTOR('',#1129,1.);
#1129 = DIRECTION('',(0.,1.));
#1130 = ( GEOMETRIC_REPRESENTATION_CONTEXT(2) 
PARAMETRIC_REPRESENTATION_CONTEXT() REPRESENTATION_CONTEXT('2D SPACE',''
  ) );
#1131 = ORIENTED_EDGE('',*,*,#1132,.T.);
#1132 = EDGE_CURVE('',#1105,#1133,#1135,.T.);
#1133 = VERTEX_POINT('',#1134);
#1134 = CARTESIAN_POINT('',(2.7,1.05,2.05));
#1135 = SURFACE_CURVE('',#1136,(#1140,#1147),.PCURVE_S1.);
#1136 = LINE('',#1137,#1138);
#1137 = CARTESIAN_POINT('',(2.7,1.05,-5.E-02));
#1138 = VECTOR('',#1139,1.);
#1139 = DIRECTION('',(0.,0.,1.));
#1140 = PCURVE('',#1080,#1141);
#1141 = DEFINITIONAL_REPRESENTATION('',(#1142),#1146);
#1142 = LINE('',#1143,#1144);
#1143 = CARTESIAN_POINT('',(0.,-2.1));
#1144 = VECTOR('',#1145,1.);
#1145 = DIRECTION('',(1.,0.));
#1146 = ( GEOMETRIC_REPRESENTATION_CONTEXT(2) 
PARAMETRIC_REPRESENTATION_CONTEXT() REPRESENTATION_CONTEXT('2D SPACE',''
  ) );
#1147 = PCURVE('',#1148,#1153);
#1148 = PLANE('',#1149);
#1149 = AXIS2_PLACEMENT_3D('',#1150,#1151,#1152);
#1150 = CARTESIAN_POINT('',(2.7,1.05,-5.E-02));
#1151 = DIRECTION('',(0.,1.,0.));
#1152 = DIRECTION('',(0.,0.,1.));
#1153 = DEFINITIONAL_REPRESENTATION('',(#1154),#1158);
#1154 = LINE('',#1155,#1156);
#1155 = CARTESIAN_POINT('',(0.,0.));
#1156 = VECTOR('',#1157,1.);
#1157 = DIRECTION('',(1.,0.));
#1158 = ( GEOMETRIC_REPRESENTATION_CONTEXT(2) 
PARAMETRIC_REPRESENTATION_CONTEXT() REPRESENTATION_CONTEXT('2D SPACE',''
  ) );
#1159 = ORIENTED_EDGE('',*,*,#1160,.F.);
#1160 = EDGE_CURVE('',#1072,#1133,#1161,.T.);
#1161 = SURFACE_CURVE('',#1162,(#1166,#1173),.PCURVE_S1.);
#1162 = LINE('',#1163,#1164);
#1163 = CARTESIAN_POINT('',(2.7,-1.05,2.05));
#1164 = VECTOR('',#1165,1.);
#1165 = DIRECTION('',(0.,1.,0.));
#1166 = PCURVE('',#1080,#1167);
#1167 = DEFINITIONAL_REPRESENTATION('',(#1168),#1172);
#1168 = LINE('',#1169,#1170);
#1169 = CARTESIAN_POINT('',(2.1,0.));
#1170 = VECTOR('',#1171,1.);
#1171 = DIRECTION('',(0.,-1.));
#1172 = ( GEOMETRIC_REPRESENTATION_CONTEXT(2) 
PARAMETRIC_REPRESENTATION_CONTEXT() REPRESENTATION_CONTEXT('2D SPACE',''
  ) );
#1173 = PCURVE('',#1174,#1179);
#1174 = PLANE('',#1175);
#1175 = AXIS2_PLACEMENT_3D('',#1176,#1177,#1178);
#1176 = CARTESIAN_POINT('',(2.7,-1.05,2.05));
#1177 = DIRECTION('',(0.,0.,1.));
#1178 = DIRECTION('',(1.,0.,0.));
#1179 = DEFINITIONAL_REPRESENTATION('',(#1180),#1184);
#1180 = LINE('',#1181,#1182);
#1181 = CARTESIAN_POINT('',(0.,0.));
#1182 = VECTOR('',#1183,1.);
#1183 = DIRECTION('',(0.,1.));
#1184 = ( GEOMETRIC_REPRESENTATION_CONTEXT(2) 
PARAMETRIC_REPRESENTATION_CONTEXT() REPRESENTATION_CONTEXT('2D SPACE',''
  ) );
#1185 = ADVANCED_FACE('',(#1186),#1200,.T.);
#1186 = FACE_BOUND('',#1187,.T.);
#1187 = EDGE_LOOP('',(#1188,#1218,#1241,#1264));
#1188 = ORIENTED_EDGE('',*,*,#1189,.F.);
#1189 = EDGE_CURVE('',#1190,#1192,#1194,.T.);
#1190 = VERTEX_POINT('',#1191);
#1191 = CARTESIAN_POINT('',(3.55,-1.05,-5.E-02));
#1192 = VERTEX_POINT('',#1193);
#1193 = CARTESIAN_POINT('',(3.55,-1.05,2.05));
#1194 = SURFACE_CURVE('',#1195,(#1199,#1211),.PCURVE_S1.);
#1195 = LINE('',#1196,#1197);
#1196 = CARTESIAN_POINT('',(3.55,-1.05,-5.E-02));
#1197 = VECTOR('',#1198,1.);
#1198 = DIRECTION('',(0.,0.,1.));
#1199 = PCURVE('',#1200,#1205);
#1200 = PLANE('',#1201);
#1201 = AXIS2_PLACEMENT_3D('',#1202,#1203,#1204);
#1202 = CARTESIAN_POINT('',(3.55,-1.05,-5.E-02));
#1203 = DIRECTION('',(1.,0.,0.));
#1204 = DIRECTION('',(0.,0.,1.));
#1205 = DEFINITIONAL_REPRESENTATION('',(#1206),#1210);
#1206 = LINE('',#1207,#1208);
#1207 = CARTESIAN_POINT('',(0.,0.));
#1208 = VECTOR('',#1209,1.);
#1209 = DIRECTION('',(1.,0.));
#1210 = ( GEOMETRIC_REPRESENTATION_CONTEXT(2) 
PARAMETRIC_REPRESENTATION_CONTEXT() REPRESENTATION_CONTEXT('2D SPACE',''
  ) );
#1211 = PCURVE('',#1092,#1212);
#1212 = DEFINITIONAL_REPRESENTATION('',(#1213),#1217);
#1213 = LINE('',#1214,#1215);
#1214 = CARTESIAN_POINT('',(0.,0.85));
#1215 = VECTOR('',#1216,1.);
#1216 = DIRECTION('',(1.,0.));
#1217 = ( GEOMETRIC_REPRESENTATION_CONTEXT(2) 
PARAMETRIC_REPRESENTATION_CONTEXT() REPRESENTATION_CONTEXT('2D SPACE',''
  ) );
#1218 = ORIENTED_EDGE('',*,*,#1219,.T.);
#1219 = EDGE_CURVE('',#1190,#1220,#1222,.T.);
#1220 = VERTEX_POINT('',#1221);
#1221 = CARTESIAN_POINT('',(3.55,1.05,-5.E-02));
#1222 = SURFACE_CURVE('',#1223,(#1227,#1234),.PCURVE_S1.);
#1223 = LINE('',#1224,#1225);
#1224 = CARTESIAN_POINT('',(3.55,-1.05,-5.E-02));
#1225 = VECTOR('',#1226,1.);
#1226 = DIRECTION('',(0.,1.,0.));
#1227 = PCURVE('',#1200,#1228);
#1228 = DEFINITIONAL_REPRESENTATION('',(#1229),#1233);
#1229 = LINE('',#1230,#1231);
#1230 = CARTESIAN_POINT('',(0.,0.));
#1231 = VECTOR('',#1232,1.);
#1232 = DIRECTION('',(0.,-1.));
#1233 = ( GEOMETRIC_REPRESENTATION_CONTEXT(2) 
PARAMETRIC_REPRESENTATION_CONTEXT() REPRESENTATION_CONTEXT('2D SPACE',''
  ) );
#1234 = PCURVE('',#1120,#1235);
#1235 = DEFINITIONAL_REPRESENTATION('',(#1236),#1240);
#1236 = LINE('',#1237,#1238);
#1237 = CARTESIAN_POINT('',(0.85,0.));
#1238 = VECTOR('',#1239,1.);
#1239 = DIRECTION('',(0.,1.));
#1240 = ( GEOMETRIC_REPRESENTATION_CONTEXT(2) 
PARAMETRIC_REPRESENTATION_CONTEXT() REPRESENTATION_CONTEXT('2D SPACE',''
  ) );
#1241 = ORIENTED_EDGE('',*,*,#1242,.T.);
#1242 = EDGE_CURVE('',#1220,#1243,#1245,.T.);
#1243 = VERTEX_POINT('',#1244);
#1244 = CARTESIAN_POINT('',(3.55,1.05,2.05));
#1245 = SURFACE_CURVE('',#1246,(#1250,#1257),.PCURVE_S1.);
#1246 = LINE('',#1247,#1248);
#1247 = CARTESIAN_POINT('',(3.55,1.05,-5.E-02));
#1248 = VECTOR('',#1249,1.);
#1249 = DIRECTION('',(0.,0.,1.));
#1250 = PCURVE('',#1200,#1251);
#1251 = DEFINITIONAL_REPRESENTATION('',(#1252),#1256);
#1252 = LINE('',#1253,#1254);
#1253 = CARTESIAN_POINT('',(0.,-2.1));
#1254 = VECTOR('',#1255,1.);
#1255 = DIRECTION('',(1.,0.));
#1256 = ( GEOMETRIC_REPRESENTATION_CONTEXT(2) 
PARAMETRIC_REPRESENTATION_CONTEXT() REPRESENTATION_CONTEXT('2D SPACE',''
  ) );
#1257 = PCURVE('',#1148,#1258);
#1258 = DEFINITIONAL_REPRESENTATION('',(#1259),#1263);
#1259 = LINE('',#1260,#1261);
#1260 = CARTESIAN_POINT('',(0.,0.85));
#1261 = VECTOR('',#1262,1.);
#1262 = DIRECTION('',(1.,0.));
#1263 = ( GEOMETRIC_REPRESENTATION_CONTEXT(2) 
PARAMETRIC_REPRESENTATION_CONTEXT() REPRESENTATION_CONTEXT('2D SPACE',''
  ) );
#1264 = ORIENTED_EDGE('',*,*,#1265,.F.);
#1265 = EDGE_CURVE('',#1192,#1243,#1266,.T.);
#1266 = SURFACE_CURVE('',#1267,(#1271,#1278),.PCURVE_S1.);
#1267 = LINE('',#1268,#1269);
#1268 = CARTESIAN_POINT('',(3.55,-1.05,2.05));
#1269 = VECTOR('',#1270,1.);
#1270 = DIRECTION('',(0.,1.,0.));
#1271 = PCURVE('',#1200,#1272);
#1272 = DEFINITIONAL_REPRESENTATION('',(#1273),#1277);
#1273 = LINE('',#1274,#1275);
#1274 = CARTESIAN_POINT('',(2.1,0.));
#1275 = VECTOR('',#1276,1.);
#1276 = DIRECTION('',(0.,-1.));
#1277 = ( GEOMETRIC_REPRESENTATION_CONTEXT(2) 
PARAMETRIC_REPRESENTATION_CONTEXT() REPRESENTATION_CONTEXT('2D SPACE',''
  ) );
#1278 = PCURVE('',#1174,#1279);
#1279 = DEFINITIONAL_REPRESENTATION('',(#1280),#1284);
#1280 = LINE('',#1281,#1282);
#1281 = CARTESIAN_POINT('',(0.85,0.));
#1282 = VECTOR('',#1283,1.);
#1283 = DIRECTION('',(0.,1.));
#1284 = ( GEOMETRIC_REPRESENTATION_CONTEXT(2) 
PARAMETRIC_REPRESENTATION_CONTEXT() REPRESENTATION_CONTEXT('2D SPACE',''
  ) );
#1285 = ADVANCED_FACE('',(#1286),#1092,.F.);
#1286 = FACE_BOUND('',#1287,.F.);
#1287 = EDGE_LOOP('',(#1288,#1309,#1310,#1331));
#1288 = ORIENTED_EDGE('',*,*,#1289,.F.);
#1289 = EDGE_CURVE('',#1070,#1190,#1290,.T.);
#1290 = SURFACE_CURVE('',#1291,(#1295,#1302),.PCURVE_S1.);
#1291 = LINE('',#1292,#1293);
#1292 = CARTESIAN_POINT('',(2.7,-1.05,-5.E-02));
#1293 = VECTOR('',#1294,1.);
#1294 = DIRECTION('',(1.,0.,0.));
#1295 = PCURVE('',#1092,#1296);
#1296 = DEFINITIONAL_REPRESENTATION('',(#1297),#1301);
#1297 = LINE('',#1298,#1299);
#1298 = CARTESIAN_POINT('',(0.,0.));
#1299 = VECTOR('',#1300,1.);
#1300 = DIRECTION('',(0.,1.));
#1301 = ( GEOMETRIC_REPRESENTATION_CONTEXT(2) 
PARAMETRIC_REPRESENTATION_CONTEXT() REPRESENTATION_CONTEXT('2D SPACE',''
  ) );
#1302 = PCURVE('',#1120,#1303);
#1303 = DEFINITIONAL_REPRESENTATION('',(#1304),#1308);
#1304 = LINE('',#1305,#1306);
#1305 = CARTESIAN_POINT('',(0.,0.));
#1306 = VECTOR('',#1307,1.);
#1307 = DIRECTION('',(1.,0.));
#1308 = ( GEOMETRIC_REPRESENTATION_CONTEXT(2) 
PARAMETRIC_REPRESENTATION_CONTEXT() REPRESENTATION_CONTEXT('2D SPACE',''
  ) );
#1309 = ORIENTED_EDGE('',*,*,#1069,.T.);
#1310 = ORIENTED_EDGE('',*,*,#1311,.T.);
#1311 = EDGE_CURVE('',#1072,#1192,#1312,.T.);
#1312 = SURFACE_CURVE('',#1313,(#1317,#1324),.PCURVE_S1.);
#1313 = LINE('',#1314,#1315);
#1314 = CARTESIAN_POINT('',(2.7,-1.05,2.05));
#1315 = VECTOR('',#1316,1.);
#1316 = DIRECTION('',(1.,0.,0.));
#1317 = PCURVE('',#1092,#1318);
#1318 = DEFINITIONAL_REPRESENTATION('',(#1319),#1323);
#1319 = LINE('',#1320,#1321);
#1320 = CARTESIAN_POINT('',(2.1,0.));
#1321 = VECTOR('',#1322,1.);
#1322 = DIRECTION('',(0.,1.));
#1323 = ( GEOMETRIC_REPRESENTATION_CONTEXT(2) 
PARAMETRIC_REPRESENTATION_CONTEXT() REPRESENTATION_CONTEXT('2D SPACE',''
  ) );
#1324 = PCURVE('',#1174,#1325);
#1325 = DEFINITIONAL_REPRESENTATION('',(#1326),#1330);
#1326 = LINE('',#1327,#1328);
#1327 = CARTESIAN_POINT('',(0.,0.));
#1328 = VECTOR('',#1329,1.);
#1329 = DIRECTION('',(1.,0.));
#1330 = ( GEOMETRIC_REPRESENTATION_CONTEXT(2) 
PARAMETRIC_REPRESENTATION_CONTEXT() REPRESENTATION_CONTEXT('2D SPACE',''
  ) );
#1331 = ORIENTED_EDGE('',*,*,#1189,.F.);
#1332 = ADVANCED_FACE('',(#1333),#1148,.T.);
#1333 = FACE_BOUND('',#1334,.T.);
#1334 = EDGE_LOOP('',(#1335,#1356,#1357,#1378));
#1335 = ORIENTED_EDGE('',*,*,#1336,.F.);
#1336 = EDGE_CURVE('',#1105,#1220,#1337,.T.);
#1337 = SURFACE_CURVE('',#1338,(#1342,#1349),.PCURVE_S1.);
#1338 = LINE('',#1339,#1340);
#1339 = CARTESIAN_POINT('',(2.7,1.05,-5.E-02));
#1340 = VECTOR('',#1341,1.);
#1341 = DIRECTION('',(1.,0.,0.));
#1342 = PCURVE('',#1148,#1343);
#1343 = DEFINITIONAL_REPRESENTATION('',(#1344),#1348);
#1344 = LINE('',#1345,#1346);
#1345 = CARTESIAN_POINT('',(0.,0.));
#1346 = VECTOR('',#1347,1.);
#1347 = DIRECTION('',(0.,1.));
#1348 = ( GEOMETRIC_REPRESENTATION_CONTEXT(2) 
PARAMETRIC_REPRESENTATION_CONTEXT() REPRESENTATION_CONTEXT('2D SPACE',''
  ) );
#1349 = PCURVE('',#1120,#1350);
#1350 = DEFINITIONAL_REPRESENTATION('',(#1351),#1355);
#1351 = LINE('',#1352,#1353);
#1352 = CARTESIAN_POINT('',(0.,2.1));
#1353 = VECTOR('',#1354,1.);
#1354 = DIRECTION('',(1.,0.));
#1355 = ( GEOMETRIC_REPRESENTATION_CONTEXT(2) 
PARAMETRIC_REPRESENTATION_CONTEXT() REPRESENTATION_CONTEXT('2D SPACE',''
  ) );
#1356 = ORIENTED_EDGE('',*,*,#1132,.T.);
#1357 = ORIENTED_EDGE('',*,*,#1358,.T.);
#1358 = EDGE_CURVE('',#1133,#1243,#1359,.T.);
#1359 = SURFACE_CURVE('',#1360,(#1364,#1371),.PCURVE_S1.);
#1360 = LINE('',#1361,#1362);
#1361 = CARTESIAN_POINT('',(2.7,1.05,2.05));
#1362 = VECTOR('',#1363,1.);
#1363 = DIRECTION('',(1.,0.,0.));
#1364 = PCURVE('',#1148,#1365);
#1365 = DEFINITIONAL_REPRESENTATION('',(#1366),#1370);
#1366 = LINE('',#1367,#1368);
#1367 = CARTESIAN_POINT('',(2.1,0.));
#1368 = VECTOR('',#1369,1.);
#1369 = DIRECTION('',(0.,1.));
#1370 = ( GEOMETRIC_REPRESENTATION_CONTEXT(2) 
PARAMETRIC_REPRESENTATION_CONTEXT() REPRESENTATION_CONTEXT('2D SPACE',''
  ) );
#1371 = PCURVE('',#1174,#1372);
#1372 = DEFINITIONAL_REPRESENTATION('',(#1373),#1377);
#1373 = LINE('',#1374,#1375);
#1374 = CARTESIAN_POINT('',(0.,2.1));
#1375 = VECTOR('',#1376,1.);
#1376 = DIRECTION('',(1.,0.));
#1377 = ( GEOMETRIC_REPRESENTATION_CONTEXT(2) 
PARAMETRIC_REPRESENTATION_CONTEXT() REPRESENTATION_CONTEXT('2D SPACE',''
  ) );
#1378 = ORIENTED_EDGE('',*,*,#1242,.F.);
#1379 = ADVANCED_FACE('',(#1380),#1120,.F.);
#1380 = FACE_BOUND('',#1381,.F.);
#1381 = EDGE_LOOP('',(#1382,#1383,#1384,#1385));
#1382 = ORIENTED_EDGE('',*,*,#1104,.F.);
#1383 = ORIENTED_EDGE('',*,*,#1289,.T.);
#1384 = ORIENTED_EDGE('',*,*,#1219,.T.);
#1385 = ORIENTED_EDGE('',*,*,#1336,.F.);
#1386 = ADVANCED_FACE('',(#1387),#1174,.T.);
#1387 = FACE_BOUND('',#1388,.T.);
#1388 = EDGE_LOOP('',(#1389,#1390,#1391,#1392));
#1389 = ORIENTED_EDGE('',*,*,#1160,.F.);
#1390 = ORIENTED_EDGE('',*,*,#1311,.T.);
#1391 = ORIENTED_EDGE('',*,*,#1265,.T.);
#1392 = ORIENTED_EDGE('',*,*,#1358,.F.);
#1393 = ( GEOMETRIC_REPRESENTATION_CONTEXT(3) 
GLOBAL_UNCERTAINTY_ASSIGNED_CONTEXT((#1397)) 
GLOBAL_UNIT_ASSIGNED_CONTEXT((#1394,#1395,#1396)) REPRESENTATION_CONTEXT
('Context #1','3D Context with UNIT and UNCERTAINTY') );
#1394 = ( LENGTH_UNIT() NAMED_UNIT(*) SI_UNIT(.MILLI.,.METRE.) );
#1395 = ( NAMED_UNIT(*) PLANE_ANGLE_UNIT() SI_UNIT($,.RADIAN.) );
#1396 = ( NAMED_UNIT(*) SI_UNIT($,.STERADIAN.) SOLID_ANGLE_UNIT() );
#1397 = UNCERTAINTY_MEASURE_WITH_UNIT(LENGTH_MEASURE(1.E-07),#1394,
  'distance_accuracy_value','confusion accuracy');
#1398 = CONTEXT_DEPENDENT_SHAPE_REPRESENTATION(#1399,#1401);
#1399 = ( REPRESENTATION_RELATIONSHIP('','',#1062,#10) 
REPRESENTATION_RELATIONSHIP_WITH_TRANSFORMATION(#1400) 
SHAPE_REPRESENTATION_RELATIONSHIP() );
#1400 = ITEM_DEFINED_TRANSFORMATION('','',#11,#23);
#1401 = PRODUCT_DEFINITION_SHAPE('Placement','Placement of an item',
  #1402);
#1402 = NEXT_ASSEMBLY_USAGE_OCCURRENCE('3','term3','',#5,#1057,$);
#1403 = PRODUCT_RELATED_PRODUCT_CATEGORY('part',$,(#1059));
#1404 = SHAPE_DEFINITION_REPRESENTATION(#1405,#1411);
#1405 = PRODUCT_DEFINITION_SHAPE('','',#1406);
#1406 = PRODUCT_DEFINITION('design','',#1407,#1410);
#1407 = PRODUCT_DEFINITION_FORMATION('','',#1408);
#1408 = PRODUCT('nc2','nc2','',(#1409));
#1409 = PRODUCT_CONTEXT('',#2,'mechanical');
#1410 = PRODUCT_DEFINITION_CONTEXT('part definition',#2,'design');
#1411 = ADVANCED_BREP_SHAPE_REPRESENTATION('',(#11,#1412),#1742);
#1412 = MANIFOLD_SOLID_BREP('',#1413);
#1413 = CLOSED_SHELL('',(#1414,#1534,#1634,#1681,#1728,#1735));
#1414 = ADVANCED_FACE('',(#1415),#1429,.F.);
#1415 = FACE_BOUND('',#1416,.F.);
#1416 = EDGE_LOOP('',(#1417,#1452,#1480,#1508));
#1417 = ORIENTED_EDGE('',*,*,#1418,.F.);
#1418 = EDGE_CURVE('',#1419,#1421,#1423,.T.);
#1419 = VERTEX_POINT('',#1420);
#1420 = CARTESIAN_POINT('',(-3.3,-1.05,-5.E-02));
#1421 = VERTEX_POINT('',#1422);
#1422 = CARTESIAN_POINT('',(-3.3,-1.05,2.E-02));
#1423 = SURFACE_CURVE('',#1424,(#1428,#1440),.PCURVE_S1.);
#1424 = LINE('',#1425,#1426);
#1425 = CARTESIAN_POINT('',(-3.3,-1.05,-5.E-02));
#1426 = VECTOR('',#1427,1.);
#1427 = DIRECTION('',(0.,0.,1.));
#1428 = PCURVE('',#1429,#1434);
#1429 = PLANE('',#1430);
#1430 = AXIS2_PLACEMENT_3D('',#1431,#1432,#1433);
#1431 = CARTESIAN_POINT('',(-3.3,-1.05,-5.E-02));
#1432 = DIRECTION('',(1.,0.,0.));
#1433 = DIRECTION('',(0.,0.,1.));
#1434 = DEFINITIONAL_REPRESENTATION('',(#1435),#1439);
#1435 = LINE('',#1436,#1437);
#1436 = CARTESIAN_POINT('',(0.,0.));
#1437 = VECTOR('',#1438,1.);
#1438 = DIRECTION('',(1.,0.));
#1439 = ( GEOMETRIC_REPRESENTATION_CONTEXT(2) 
PARAMETRIC_REPRESENTATION_CONTEXT() REPRESENTATION_CONTEXT('2D SPACE',''
  ) );
#1440 = PCURVE('',#1441,#1446);
#1441 = PLANE('',#1442);
#1442 = AXIS2_PLACEMENT_3D('',#1443,#1444,#1445);
#1443 = CARTESIAN_POINT('',(-3.3,-1.05,-5.E-02));
#1444 = DIRECTION('',(0.,1.,0.));
#1445 = DIRECTION('',(0.,0.,1.));
#1446 = DEFINITIONAL_REPRESENTATION('',(#1447),#1451);
#1447 = LINE('',#1448,#1449);
#1448 = CARTESIAN_POINT('',(0.,0.));
#1449 = VECTOR('',#1450,1.);
#1450 = DIRECTION('',(1.,0.));
#1451 = ( GEOMETRIC_REPRESENTATION_CONTEXT(2) 
PARAMETRIC_REPRESENTATION_CONTEXT() REPRESENTATION_CONTEXT('2D SPACE',''
  ) );
#1452 = ORIENTED_EDGE('',*,*,#1453,.T.);
#1453 = EDGE_CURVE('',#1419,#1454,#1456,.T.);
#1454 = VERTEX_POINT('',#1455);
#1455 = CARTESIAN_POINT('',(-3.3,-0.5,-5.E-02));
#1456 = SURFACE_CURVE('',#1457,(#1461,#1468),.PCURVE_S1.);
#1457 = LINE('',#1458,#1459);
#1458 = CARTESIAN_POINT('',(-3.3,-1.05,-5.E-02));
#1459 = VECTOR('',#1460,1.);
#1460 = DIRECTION('',(0.,1.,0.));
#1461 = PCURVE('',#1429,#1462);
#1462 = DEFINITIONAL_REPRESENTATION('',(#1463),#1467);
#1463 = LINE('',#1464,#1465);
#1464 = CARTESIAN_POINT('',(0.,0.));
#1465 = VECTOR('',#1466,1.);
#1466 = DIRECTION('',(0.,-1.));
#1467 = ( GEOMETRIC_REPRESENTATION_CONTEXT(2) 
PARAMETRIC_REPRESENTATION_CONTEXT() REPRESENTATION_CONTEXT('2D SPACE',''
  ) );
#1468 = PCURVE('',#1469,#1474);
#1469 = PLANE('',#1470);
#1470 = AXIS2_PLACEMENT_3D('',#1471,#1472,#1473);
#1471 = CARTESIAN_POINT('',(-3.3,-1.05,-5.E-02));
#1472 = DIRECTION('',(0.,0.,1.));
#1473 = DIRECTION('',(1.,0.,0.));
#1474 = DEFINITIONAL_REPRESENTATION('',(#1475),#1479);
#1475 = LINE('',#1476,#1477);
#1476 = CARTESIAN_POINT('',(0.,0.));
#1477 = VECTOR('',#1478,1.);
#1478 = DIRECTION('',(0.,1.));
#1479 = ( GEOMETRIC_REPRESENTATION_CONTEXT(2) 
PARAMETRIC_REPRESENTATION_CONTEXT() REPRESENTATION_CONTEXT('2D SPACE',''
  ) );
#1480 = ORIENTED_EDGE('',*,*,#1481,.T.);
#1481 = EDGE_CURVE('',#1454,#1482,#1484,.T.);
#1482 = VERTEX_POINT('',#1483);
#1483 = CARTESIAN_POINT('',(-3.3,-0.5,2.E-02));
#1484 = SURFACE_CURVE('',#1485,(#1489,#1496),.PCURVE_S1.);
#1485 = LINE('',#1486,#1487);
#1486 = CARTESIAN_POINT('',(-3.3,-0.5,-5.E-02));
#1487 = VECTOR('',#1488,1.);
#1488 = DIRECTION('',(0.,0.,1.));
#1489 = PCURVE('',#1429,#1490);
#1490 = DEFINITIONAL_REPRESENTATION('',(#1491),#1495);
#1491 = LINE('',#1492,#1493);
#1492 = CARTESIAN_POINT('',(0.,-0.55));
#1493 = VECTOR('',#1494,1.);
#1494 = DIRECTION('',(1.,0.));
#1495 = ( GEOMETRIC_REPRESENTATION_CONTEXT(2) 
PARAMETRIC_REPRESENTATION_CONTEXT() REPRESENTATION_CONTEXT('2D SPACE',''
  ) );
#1496 = PCURVE('',#1497,#1502);
#1497 = PLANE('',#1498);
#1498 = AXIS2_PLACEMENT_3D('',#1499,#1500,#1501);
#1499 = CARTESIAN_POINT('',(-3.3,-0.5,-5.E-02));
#1500 = DIRECTION('',(0.,1.,0.));
#1501 = DIRECTION('',(0.,0.,1.));
#1502 = DEFINITIONAL_REPRESENTATION('',(#1503),#1507);
#1503 = LINE('',#1504,#1505);
#1504 = CARTESIAN_POINT('',(0.,0.));
#1505 = VECTOR('',#1506,1.);
#1506 = DIRECTION('',(1.,0.));
#1507 = ( GEOMETRIC_REPRESENTATION_CONTEXT(2) 
PARAMETRIC_REPRESENTATION_CONTEXT() REPRESENTATION_CONTEXT('2D SPACE',''
  ) );
#1508 = ORIENTED_EDGE('',*,*,#1509,.F.);
#1509 = EDGE_CURVE('',#1421,#1482,#1510,.T.);
#1510 = SURFACE_CURVE('',#1511,(#1515,#1522),.PCURVE_S1.);
#1511 = LINE('',#1512,#1513);
#1512 = CARTESIAN_POINT('',(-3.3,-1.05,2.E-02));
#1513 = VECTOR('',#1514,1.);
#1514 = DIRECTION('',(0.,1.,0.));
#1515 = PCURVE('',#1429,#1516);
#1516 = DEFINITIONAL_REPRESENTATION('',(#1517),#1521);
#1517 = LINE('',#1518,#1519);
#1518 = CARTESIAN_POINT('',(7.E-02,0.));
#1519 = VECTOR('',#1520,1.);
#1520 = DIRECTION('',(0.,-1.));
#1521 = ( GEOMETRIC_REPRESENTATION_CONTEXT(2) 
PARAMETRIC_REPRESENTATION_CONTEXT() REPRESENTATION_CONTEXT('2D SPACE',''
  ) );
#1522 = PCURVE('',#1523,#1528);
#1523 = PLANE('',#1524);
#1524 = AXIS2_PLACEMENT_3D('',#1525,#1526,#1527);
#1525 = CARTESIAN_POINT('',(-3.3,-1.05,2.E-02));
#1526 = DIRECTION('',(0.,0.,1.));
#1527 = DIRECTION('',(1.,0.,0.));
#1528 = DEFINITIONAL_REPRESENTATION('',(#1529),#1533);
#1529 = LINE('',#1530,#1531);
#1530 = CARTESIAN_POINT('',(0.,0.));
#1531 = VECTOR('',#1532,1.);
#1532 = DIRECTION('',(0.,1.));
#1533 = ( GEOMETRIC_REPRESENTATION_CONTEXT(2) 
PARAMETRIC_REPRESENTATION_CONTEXT() REPRESENTATION_CONTEXT('2D SPACE',''
  ) );
#1534 = ADVANCED_FACE('',(#1535),#1549,.T.);
#1535 = FACE_BOUND('',#1536,.T.);
#1536 = EDGE_LOOP('',(#1537,#1567,#1590,#1613));
#1537 = ORIENTED_EDGE('',*,*,#1538,.F.);
#1538 = EDGE_CURVE('',#1539,#1541,#1543,.T.);
#1539 = VERTEX_POINT('',#1540);
#1540 = CARTESIAN_POINT('',(3.3,-1.05,-5.E-02));
#1541 = VERTEX_POINT('',#1542);
#1542 = CARTESIAN_POINT('',(3.3,-1.05,2.E-02));
#1543 = SURFACE_CURVE('',#1544,(#1548,#1560),.PCURVE_S1.);
#1544 = LINE('',#1545,#1546);
#1545 = CARTESIAN_POINT('',(3.3,-1.05,-5.E-02));
#1546 = VECTOR('',#1547,1.);
#1547 = DIRECTION('',(0.,0.,1.));
#1548 = PCURVE('',#1549,#1554);
#1549 = PLANE('',#1550);
#1550 = AXIS2_PLACEMENT_3D('',#1551,#1552,#1553);
#1551 = CARTESIAN_POINT('',(3.3,-1.05,-5.E-02));
#1552 = DIRECTION('',(1.,0.,0.));
#1553 = DIRECTION('',(0.,0.,1.));
#1554 = DEFINITIONAL_REPRESENTATION('',(#1555),#1559);
#1555 = LINE('',#1556,#1557);
#1556 = CARTESIAN_POINT('',(0.,0.));
#1557 = VECTOR('',#1558,1.);
#1558 = DIRECTION('',(1.,0.));
#1559 = ( GEOMETRIC_REPRESENTATION_CONTEXT(2) 
PARAMETRIC_REPRESENTATION_CONTEXT() REPRESENTATION_CONTEXT('2D SPACE',''
  ) );
#1560 = PCURVE('',#1441,#1561);
#1561 = DEFINITIONAL_REPRESENTATION('',(#1562),#1566);
#1562 = LINE('',#1563,#1564);
#1563 = CARTESIAN_POINT('',(0.,6.6));
#1564 = VECTOR('',#1565,1.);
#1565 = DIRECTION('',(1.,0.));
#1566 = ( GEOMETRIC_REPRESENTATION_CONTEXT(2) 
PARAMETRIC_REPRESENTATION_CONTEXT() REPRESENTATION_CONTEXT('2D SPACE',''
  ) );
#1567 = ORIENTED_EDGE('',*,*,#1568,.T.);
#1568 = EDGE_CURVE('',#1539,#1569,#1571,.T.);
#1569 = VERTEX_POINT('',#1570);
#1570 = CARTESIAN_POINT('',(3.3,-0.5,-5.E-02));
#1571 = SURFACE_CURVE('',#1572,(#1576,#1583),.PCURVE_S1.);
#1572 = LINE('',#1573,#1574);
#1573 = CARTESIAN_POINT('',(3.3,-1.05,-5.E-02));
#1574 = VECTOR('',#1575,1.);
#1575 = DIRECTION('',(0.,1.,0.));
#1576 = PCURVE('',#1549,#1577);
#1577 = DEFINITIONAL_REPRESENTATION('',(#1578),#1582);
#1578 = LINE('',#1579,#1580);
#1579 = CARTESIAN_POINT('',(0.,0.));
#1580 = VECTOR('',#1581,1.);
#1581 = DIRECTION('',(0.,-1.));
#1582 = ( GEOMETRIC_REPRESENTATION_CONTEXT(2) 
PARAMETRIC_REPRESENTATION_CONTEXT() REPRESENTATION_CONTEXT('2D SPACE',''
  ) );
#1583 = PCURVE('',#1469,#1584);
#1584 = DEFINITIONAL_REPRESENTATION('',(#1585),#1589);
#1585 = LINE('',#1586,#1587);
#1586 = CARTESIAN_POINT('',(6.6,0.));
#1587 = VECTOR('',#1588,1.);
#1588 = DIRECTION('',(0.,1.));
#1589 = ( GEOMETRIC_REPRESENTATION_CONTEXT(2) 
PARAMETRIC_REPRESENTATION_CONTEXT() REPRESENTATION_CONTEXT('2D SPACE',''
  ) );
#1590 = ORIENTED_EDGE('',*,*,#1591,.T.);
#1591 = EDGE_CURVE('',#1569,#1592,#1594,.T.);
#1592 = VERTEX_POINT('',#1593);
#1593 = CARTESIAN_POINT('',(3.3,-0.5,2.E-02));
#1594 = SURFACE_CURVE('',#1595,(#1599,#1606),.PCURVE_S1.);
#1595 = LINE('',#1596,#1597);
#1596 = CARTESIAN_POINT('',(3.3,-0.5,-5.E-02));
#1597 = VECTOR('',#1598,1.);
#1598 = DIRECTION('',(0.,0.,1.));
#1599 = PCURVE('',#1549,#1600);
#1600 = DEFINITIONAL_REPRESENTATION('',(#1601),#1605);
#1601 = LINE('',#1602,#1603);
#1602 = CARTESIAN_POINT('',(0.,-0.55));
#1603 = VECTOR('',#1604,1.);
#1604 = DIRECTION('',(1.,0.));
#1605 = ( GEOMETRIC_REPRESENTATION_CONTEXT(2) 
PARAMETRIC_REPRESENTATION_CONTEXT() REPRESENTATION_CONTEXT('2D SPACE',''
  ) );
#1606 = PCURVE('',#1497,#1607);
#1607 = DEFINITIONAL_REPRESENTATION('',(#1608),#1612);
#1608 = LINE('',#1609,#1610);
#1609 = CARTESIAN_POINT('',(0.,6.6));
#1610 = VECTOR('',#1611,1.);
#1611 = DIRECTION('',(1.,0.));
#1612 = ( GEOMETRIC_REPRESENTATION_CONTEXT(2) 
PARAMETRIC_REPRESENTATION_CONTEXT() REPRESENTATION_CONTEXT('2D SPACE',''
  ) );
#1613 = ORIENTED_EDGE('',*,*,#1614,.F.);
#1614 = EDGE_CURVE('',#1541,#1592,#1615,.T.);
#1615 = SURFACE_CURVE('',#1616,(#1620,#1627),.PCURVE_S1.);
#1616 = LINE('',#1617,#1618);
#1617 = CARTESIAN_POINT('',(3.3,-1.05,2.E-02));
#1618 = VECTOR('',#1619,1.);
#1619 = DIRECTION('',(0.,1.,0.));
#1620 = PCURVE('',#1549,#1621);
#1621 = DEFINITIONAL_REPRESENTATION('',(#1622),#1626);
#1622 = LINE('',#1623,#1624);
#1623 = CARTESIAN_POINT('',(7.E-02,0.));
#1624 = VECTOR('',#1625,1.);
#1625 = DIRECTION('',(0.,-1.));
#1626 = ( GEOMETRIC_REPRESENTATION_CONTEXT(2) 
PARAMETRIC_REPRESENTATION_CONTEXT() REPRESENTATION_CONTEXT('2D SPACE',''
  ) );
#1627 = PCURVE('',#1523,#1628);
#1628 = DEFINITIONAL_REPRESENTATION('',(#1629),#1633);
#1629 = LINE('',#1630,#1631);
#1630 = CARTESIAN_POINT('',(6.6,0.));
#1631 = VECTOR('',#1632,1.);
#1632 = DIRECTION('',(0.,1.));
#1633 = ( GEOMETRIC_REPRESENTATION_CONTEXT(2) 
PARAMETRIC_REPRESENTATION_CONTEXT() REPRESENTATION_CONTEXT('2D SPACE',''
  ) );
#1634 = ADVANCED_FACE('',(#1635),#1441,.F.);
#1635 = FACE_BOUND('',#1636,.F.);
#1636 = EDGE_LOOP('',(#1637,#1658,#1659,#1680));
#1637 = ORIENTED_EDGE('',*,*,#1638,.F.);
#1638 = EDGE_CURVE('',#1419,#1539,#1639,.T.);
#1639 = SURFACE_CURVE('',#1640,(#1644,#1651),.PCURVE_S1.);
#1640 = LINE('',#1641,#1642);
#1641 = CARTESIAN_POINT('',(-3.3,-1.05,-5.E-02));
#1642 = VECTOR('',#1643,1.);
#1643 = DIRECTION('',(1.,0.,0.));
#1644 = PCURVE('',#1441,#1645);
#1645 = DEFINITIONAL_REPRESENTATION('',(#1646),#1650);
#1646 = LINE('',#1647,#1648);
#1647 = CARTESIAN_POINT('',(0.,0.));
#1648 = VECTOR('',#1649,1.);
#1649 = DIRECTION('',(0.,1.));
#1650 = ( GEOMETRIC_REPRESENTATION_CONTEXT(2) 
PARAMETRIC_REPRESENTATION_CONTEXT() REPRESENTATION_CONTEXT('2D SPACE',''
  ) );
#1651 = PCURVE('',#1469,#1652);
#1652 = DEFINITIONAL_REPRESENTATION('',(#1653),#1657);
#1653 = LINE('',#1654,#1655);
#1654 = CARTESIAN_POINT('',(0.,0.));
#1655 = VECTOR('',#1656,1.);
#1656 = DIRECTION('',(1.,0.));
#1657 = ( GEOMETRIC_REPRESENTATION_CONTEXT(2) 
PARAMETRIC_REPRESENTATION_CONTEXT() REPRESENTATION_CONTEXT('2D SPACE',''
  ) );
#1658 = ORIENTED_EDGE('',*,*,#1418,.T.);
#1659 = ORIENTED_EDGE('',*,*,#1660,.T.);
#1660 = EDGE_CURVE('',#1421,#1541,#1661,.T.);
#1661 = SURFACE_CURVE('',#1662,(#1666,#1673),.PCURVE_S1.);
#1662 = LINE('',#1663,#1664);
#1663 = CARTESIAN_POINT('',(-3.3,-1.05,2.E-02));
#1664 = VECTOR('',#1665,1.);
#1665 = DIRECTION('',(1.,0.,0.));
#1666 = PCURVE('',#1441,#1667);
#1667 = DEFINITIONAL_REPRESENTATION('',(#1668),#1672);
#1668 = LINE('',#1669,#1670);
#1669 = CARTESIAN_POINT('',(7.E-02,0.));
#1670 = VECTOR('',#1671,1.);
#1671 = DIRECTION('',(0.,1.));
#1672 = ( GEOMETRIC_REPRESENTATION_CONTEXT(2) 
PARAMETRIC_REPRESENTATION_CONTEXT() REPRESENTATION_CONTEXT('2D SPACE',''
  ) );
#1673 = PCURVE('',#1523,#1674);
#1674 = DEFINITIONAL_REPRESENTATION('',(#1675),#1679);
#1675 = LINE('',#1676,#1677);
#1676 = CARTESIAN_POINT('',(0.,0.));
#1677 = VECTOR('',#1678,1.);
#1678 = DIRECTION('',(1.,0.));
#1679 = ( GEOMETRIC_REPRESENTATION_CONTEXT(2) 
PARAMETRIC_REPRESENTATION_CONTEXT() REPRESENTATION_CONTEXT('2D SPACE',''
  ) );
#1680 = ORIENTED_EDGE('',*,*,#1538,.F.);
#1681 = ADVANCED_FACE('',(#1682),#1497,.T.);
#1682 = FACE_BOUND('',#1683,.T.);
#1683 = EDGE_LOOP('',(#1684,#1705,#1706,#1727));
#1684 = ORIENTED_EDGE('',*,*,#1685,.F.);
#1685 = EDGE_CURVE('',#1454,#1569,#1686,.T.);
#1686 = SURFACE_CURVE('',#1687,(#1691,#1698),.PCURVE_S1.);
#1687 = LINE('',#1688,#1689);
#1688 = CARTESIAN_POINT('',(-3.3,-0.5,-5.E-02));
#1689 = VECTOR('',#1690,1.);
#1690 = DIRECTION('',(1.,0.,0.));
#1691 = PCURVE('',#1497,#1692);
#1692 = DEFINITIONAL_REPRESENTATION('',(#1693),#1697);
#1693 = LINE('',#1694,#1695);
#1694 = CARTESIAN_POINT('',(0.,0.));
#1695 = VECTOR('',#1696,1.);
#1696 = DIRECTION('',(0.,1.));
#1697 = ( GEOMETRIC_REPRESENTATION_CONTEXT(2) 
PARAMETRIC_REPRESENTATION_CONTEXT() REPRESENTATION_CONTEXT('2D SPACE',''
  ) );
#1698 = PCURVE('',#1469,#1699);
#1699 = DEFINITIONAL_REPRESENTATION('',(#1700),#1704);
#1700 = LINE('',#1701,#1702);
#1701 = CARTESIAN_POINT('',(0.,0.55));
#1702 = VECTOR('',#1703,1.);
#1703 = DIRECTION('',(1.,0.));
#1704 = ( GEOMETRIC_REPRESENTATION_CONTEXT(2) 
PARAMETRIC_REPRESENTATION_CONTEXT() REPRESENTATION_CONTEXT('2D SPACE',''
  ) );
#1705 = ORIENTED_EDGE('',*,*,#1481,.T.);
#1706 = ORIENTED_EDGE('',*,*,#1707,.T.);
#1707 = EDGE_CURVE('',#1482,#1592,#1708,.T.);
#1708 = SURFACE_CURVE('',#1709,(#1713,#1720),.PCURVE_S1.);
#1709 = LINE('',#1710,#1711);
#1710 = CARTESIAN_POINT('',(-3.3,-0.5,2.E-02));
#1711 = VECTOR('',#1712,1.);
#1712 = DIRECTION('',(1.,0.,0.));
#1713 = PCURVE('',#1497,#1714);
#1714 = DEFINITIONAL_REPRESENTATION('',(#1715),#1719);
#1715 = LINE('',#1716,#1717);
#1716 = CARTESIAN_POINT('',(7.E-02,0.));
#1717 = VECTOR('',#1718,1.);
#1718 = DIRECTION('',(0.,1.));
#1719 = ( GEOMETRIC_REPRESENTATION_CONTEXT(2) 
PARAMETRIC_REPRESENTATION_CONTEXT() REPRESENTATION_CONTEXT('2D SPACE',''
  ) );
#1720 = PCURVE('',#1523,#1721);
#1721 = DEFINITIONAL_REPRESENTATION('',(#1722),#1726);
#1722 = LINE('',#1723,#1724);
#1723 = CARTESIAN_POINT('',(0.,0.55));
#1724 = VECTOR('',#1725,1.);
#1725 = DIRECTION('',(1.,0.));
#1726 = ( GEOMETRIC_REPRESENTATION_CONTEXT(2) 
PARAMETRIC_REPRESENTATION_CONTEXT() REPRESENTATION_CONTEXT('2D SPACE',''
  ) );
#1727 = ORIENTED_EDGE('',*,*,#1591,.F.);
#1728 = ADVANCED_FACE('',(#1729),#1469,.F.);
#1729 = FACE_BOUND('',#1730,.F.);
#1730 = EDGE_LOOP('',(#1731,#1732,#1733,#1734));
#1731 = ORIENTED_EDGE('',*,*,#1453,.F.);
#1732 = ORIENTED_EDGE('',*,*,#1638,.T.);
#1733 = ORIENTED_EDGE('',*,*,#1568,.T.);
#1734 = ORIENTED_EDGE('',*,*,#1685,.F.);
#1735 = ADVANCED_FACE('',(#1736),#1523,.T.);
#1736 = FACE_BOUND('',#1737,.T.);
#1737 = EDGE_LOOP('',(#1738,#1739,#1740,#1741));
#1738 = ORIENTED_EDGE('',*,*,#1509,.F.);
#1739 = ORIENTED_EDGE('',*,*,#1660,.T.);
#1740 = ORIENTED_EDGE('',*,*,#1614,.T.);
#1741 = ORIENTED_EDGE('',*,*,#1707,.F.);
#1742 = ( GEOMETRIC_REPRESENTATION_CONTEXT(3) 
GLOBAL_UNCERTAINTY_ASSIGNED_CONTEXT((#1746)) 
GLOBAL_UNIT_ASSIGNED_CONTEXT((#1743,#1744,#1745)) REPRESENTATION_CONTEXT
('Context #1','3D Context with UNIT and UNCERTAINTY') );
#1743 = ( LENGTH_UNIT() NAMED_UNIT(*) SI_UNIT(.MILLI.,.METRE.) );
#1744 = ( NAMED_UNIT(*) PLANE_ANGLE_UNIT() SI_UNIT($,.RADIAN.) );
#1745 = ( NAMED_UNIT(*) SI_UNIT($,.STERADIAN.) SOLID_ANGLE_UNIT() );
#1746 = UNCERTAINTY_MEASURE_WITH_UNIT(LENGTH_MEASURE(1.E-07),#1743,
  'distance_accuracy_value','confusion accuracy');
#1747 = CONTEXT_DEPENDENT_SHAPE_REPRESENTATION(#1748,#1750);
#1748 = ( REPRESENTATION_RELATIONSHIP('','',#1411,#10) 
REPRESENTATION_RELATIONSHIP_WITH_TRANSFORMATION(#1749) 
SHAPE_REPRESENTATION_RELATIONSHIP() );
#1749 = ITEM_DEFINED_TRANSFORMATION('','',#11,#27);
#1750 = PRODUCT_DEFINITION_SHAPE('Placement','Placement of an item',
  #1751);
#1751 = NEXT_ASSEMBLY_USAGE_OCCURRENCE('4','nc2','',#5,#1406,$);
#1752 = PRODUCT_RELATED_PRODUCT_CATEGORY('part',$,(#1408));
#1753 = SHAPE_DEFINITION_REPRESENTATION(#1754,#1760);
#1754 = PRODUCT_DEFINITION_SHAPE('','',#1755);
#1755 = PRODUCT_DEFINITION('design','',#1756,#1759);
#1756 = PRODUCT_DEFINITION_FORMATION('','',#1757);
#1757 = PRODUCT('nc4','nc4','',(#1758));
#1758 = PRODUCT_CONTEXT('',#2,'mechanical');
#1759 = PRODUCT_DEFINITION_CONTEXT('part definition',#2,'design');
#1760 = ADVANCED_BREP_SHAPE_REPRESENTATION('',(#11,#1761),#2091);
#1761 = MANIFOLD_SOLID_BREP('',#1762);
#1762 = CLOSED_SHELL('',(#1763,#1883,#1983,#2030,#2077,#2084));
#1763 = ADVANCED_FACE('',(#1764),#1778,.F.);
#1764 = FACE_BOUND('',#1765,.F.);
#1765 = EDGE_LOOP('',(#1766,#1801,#1829,#1857));
#1766 = ORIENTED_EDGE('',*,*,#1767,.F.);
#1767 = EDGE_CURVE('',#1768,#1770,#1772,.T.);
#1768 = VERTEX_POINT('',#1769);
#1769 = CARTESIAN_POINT('',(-3.3,0.5,-5.E-02));
#1770 = VERTEX_POINT('',#1771);
#1771 = CARTESIAN_POINT('',(-3.3,0.5,2.E-02));
#1772 = SURFACE_CURVE('',#1773,(#1777,#1789),.PCURVE_S1.);
#1773 = LINE('',#1774,#1775);
#1774 = CARTESIAN_POINT('',(-3.3,0.5,-5.E-02));
#1775 = VECTOR('',#1776,1.);
#1776 = DIRECTION('',(0.,0.,1.));
#1777 = PCURVE('',#1778,#1783);
#1778 = PLANE('',#1779);
#1779 = AXIS2_PLACEMENT_3D('',#1780,#1781,#1782);
#1780 = CARTESIAN_POINT('',(-3.3,0.5,-5.E-02));
#1781 = DIRECTION('',(1.,0.,0.));
#1782 = DIRECTION('',(0.,0.,1.));
#1783 = DEFINITIONAL_REPRESENTATION('',(#1784),#1788);
#1784 = LINE('',#1785,#1786);
#1785 = CARTESIAN_POINT('',(0.,0.));
#1786 = VECTOR('',#1787,1.);
#1787 = DIRECTION('',(1.,0.));
#1788 = ( GEOMETRIC_REPRESENTATION_CONTEXT(2) 
PARAMETRIC_REPRESENTATION_CONTEXT() REPRESENTATION_CONTEXT('2D SPACE',''
  ) );
#1789 = PCURVE('',#1790,#1795);
#1790 = PLANE('',#1791);
#1791 = AXIS2_PLACEMENT_3D('',#1792,#1793,#1794);
#1792 = CARTESIAN_POINT('',(-3.3,0.5,-5.E-02));
#1793 = DIRECTION('',(0.,1.,0.));
#1794 = DIRECTION('',(0.,0.,1.));
#1795 = DEFINITIONAL_REPRESENTATION('',(#1796),#1800);
#1796 = LINE('',#1797,#1798);
#1797 = CARTESIAN_POINT('',(0.,0.));
#1798 = VECTOR('',#1799,1.);
#1799 = DIRECTION('',(1.,0.));
#1800 = ( GEOMETRIC_REPRESENTATION_CONTEXT(2) 
PARAMETRIC_REPRESENTATION_CONTEXT() REPRESENTATION_CONTEXT('2D SPACE',''
  ) );
#1801 = ORIENTED_EDGE('',*,*,#1802,.T.);
#1802 = EDGE_CURVE('',#1768,#1803,#1805,.T.);
#1803 = VERTEX_POINT('',#1804);
#1804 = CARTESIAN_POINT('',(-3.3,1.05,-5.E-02));
#1805 = SURFACE_CURVE('',#1806,(#1810,#1817),.PCURVE_S1.);
#1806 = LINE('',#1807,#1808);
#1807 = CARTESIAN_POINT('',(-3.3,0.5,-5.E-02));
#1808 = VECTOR('',#1809,1.);
#1809 = DIRECTION('',(0.,1.,0.));
#1810 = PCURVE('',#1778,#1811);
#1811 = DEFINITIONAL_REPRESENTATION('',(#1812),#1816);
#1812 = LINE('',#1813,#1814);
#1813 = CARTESIAN_POINT('',(0.,0.));
#1814 = VECTOR('',#1815,1.);
#1815 = DIRECTION('',(0.,-1.));
#1816 = ( GEOMETRIC_REPRESENTATION_CONTEXT(2) 
PARAMETRIC_REPRESENTATION_CONTEXT() REPRESENTATION_CONTEXT('2D SPACE',''
  ) );
#1817 = PCURVE('',#1818,#1823);
#1818 = PLANE('',#1819);
#1819 = AXIS2_PLACEMENT_3D('',#1820,#1821,#1822);
#1820 = CARTESIAN_POINT('',(-3.3,0.5,-5.E-02));
#1821 = DIRECTION('',(0.,0.,1.));
#1822 = DIRECTION('',(1.,0.,0.));
#1823 = DEFINITIONAL_REPRESENTATION('',(#1824),#1828);
#1824 = LINE('',#1825,#1826);
#1825 = CARTESIAN_POINT('',(0.,0.));
#1826 = VECTOR('',#1827,1.);
#1827 = DIRECTION('',(0.,1.));
#1828 = ( GEOMETRIC_REPRESENTATION_CONTEXT(2) 
PARAMETRIC_REPRESENTATION_CONTEXT() REPRESENTATION_CONTEXT('2D SPACE',''
  ) );
#1829 = ORIENTED_EDGE('',*,*,#1830,.T.);
#1830 = EDGE_CURVE('',#1803,#1831,#1833,.T.);
#1831 = VERTEX_POINT('',#1832);
#1832 = CARTESIAN_POINT('',(-3.3,1.05,2.E-02));
#1833 = SURFACE_CURVE('',#1834,(#1838,#1845),.PCURVE_S1.);
#1834 = LINE('',#1835,#1836);
#1835 = CARTESIAN_POINT('',(-3.3,1.05,-5.E-02));
#1836 = VECTOR('',#1837,1.);
#1837 = DIRECTION('',(0.,0.,1.));
#1838 = PCURVE('',#1778,#1839);
#1839 = DEFINITIONAL_REPRESENTATION('',(#1840),#1844);
#1840 = LINE('',#1841,#1842);
#1841 = CARTESIAN_POINT('',(0.,-0.55));
#1842 = VECTOR('',#1843,1.);
#1843 = DIRECTION('',(1.,0.));
#1844 = ( GEOMETRIC_REPRESENTATION_CONTEXT(2) 
PARAMETRIC_REPRESENTATION_CONTEXT() REPRESENTATION_CONTEXT('2D SPACE',''
  ) );
#1845 = PCURVE('',#1846,#1851);
#1846 = PLANE('',#1847);
#1847 = AXIS2_PLACEMENT_3D('',#1848,#1849,#1850);
#1848 = CARTESIAN_POINT('',(-3.3,1.05,-5.E-02));
#1849 = DIRECTION('',(0.,1.,0.));
#1850 = DIRECTION('',(0.,0.,1.));
#1851 = DEFINITIONAL_REPRESENTATION('',(#1852),#1856);
#1852 = LINE('',#1853,#1854);
#1853 = CARTESIAN_POINT('',(0.,0.));
#1854 = VECTOR('',#1855,1.);
#1855 = DIRECTION('',(1.,0.));
#1856 = ( GEOMETRIC_REPRESENTATION_CONTEXT(2) 
PARAMETRIC_REPRESENTATION_CONTEXT() REPRESENTATION_CONTEXT('2D SPACE',''
  ) );
#1857 = ORIENTED_EDGE('',*,*,#1858,.F.);
#1858 = EDGE_CURVE('',#1770,#1831,#1859,.T.);
#1859 = SURFACE_CURVE('',#1860,(#1864,#1871),.PCURVE_S1.);
#1860 = LINE('',#1861,#1862);
#1861 = CARTESIAN_POINT('',(-3.3,0.5,2.E-02));
#1862 = VECTOR('',#1863,1.);
#1863 = DIRECTION('',(0.,1.,0.));
#1864 = PCURVE('',#1778,#1865);
#1865 = DEFINITIONAL_REPRESENTATION('',(#1866),#1870);
#1866 = LINE('',#1867,#1868);
#1867 = CARTESIAN_POINT('',(7.E-02,0.));
#1868 = VECTOR('',#1869,1.);
#1869 = DIRECTION('',(0.,-1.));
#1870 = ( GEOMETRIC_REPRESENTATION_CONTEXT(2) 
PARAMETRIC_REPRESENTATION_CONTEXT() REPRESENTATION_CONTEXT('2D SPACE',''
  ) );
#1871 = PCURVE('',#1872,#1877);
#1872 = PLANE('',#1873);
#1873 = AXIS2_PLACEMENT_3D('',#1874,#1875,#1876);
#1874 = CARTESIAN_POINT('',(-3.3,0.5,2.E-02));
#1875 = DIRECTION('',(0.,0.,1.));
#1876 = DIRECTION('',(1.,0.,0.));
#1877 = DEFINITIONAL_REPRESENTATION('',(#1878),#1882);
#1878 = LINE('',#1879,#1880);
#1879 = CARTESIAN_POINT('',(0.,0.));
#1880 = VECTOR('',#1881,1.);
#1881 = DIRECTION('',(0.,1.));
#1882 = ( GEOMETRIC_REPRESENTATION_CONTEXT(2) 
PARAMETRIC_REPRESENTATION_CONTEXT() REPRESENTATION_CONTEXT('2D SPACE',''
  ) );
#1883 = ADVANCED_FACE('',(#1884),#1898,.T.);
#1884 = FACE_BOUND('',#1885,.T.);
#1885 = EDGE_LOOP('',(#1886,#1916,#1939,#1962));
#1886 = ORIENTED_EDGE('',*,*,#1887,.F.);
#1887 = EDGE_CURVE('',#1888,#1890,#1892,.T.);
#1888 = VERTEX_POINT('',#1889);
#1889 = CARTESIAN_POINT('',(3.3,0.5,-5.E-02));
#1890 = VERTEX_POINT('',#1891);
#1891 = CARTESIAN_POINT('',(3.3,0.5,2.E-02));
#1892 = SURFACE_CURVE('',#1893,(#1897,#1909),.PCURVE_S1.);
#1893 = LINE('',#1894,#1895);
#1894 = CARTESIAN_POINT('',(3.3,0.5,-5.E-02));
#1895 = VECTOR('',#1896,1.);
#1896 = DIRECTION('',(0.,0.,1.));
#1897 = PCURVE('',#1898,#1903);
#1898 = PLANE('',#1899);
#1899 = AXIS2_PLACEMENT_3D('',#1900,#1901,#1902);
#1900 = CARTESIAN_POINT('',(3.3,0.5,-5.E-02));
#1901 = DIRECTION('',(1.,0.,0.));
#1902 = DIRECTION('',(0.,0.,1.));
#1903 = DEFINITIONAL_REPRESENTATION('',(#1904),#1908);
#1904 = LINE('',#1905,#1906);
#1905 = CARTESIAN_POINT('',(0.,0.));
#1906 = VECTOR('',#1907,1.);
#1907 = DIRECTION('',(1.,0.));
#1908 = ( GEOMETRIC_REPRESENTATION_CONTEXT(2) 
PARAMETRIC_REPRESENTATION_CONTEXT() REPRESENTATION_CONTEXT('2D SPACE',''
  ) );
#1909 = PCURVE('',#1790,#1910);
#1910 = DEFINITIONAL_REPRESENTATION('',(#1911),#1915);
#1911 = LINE('',#1912,#1913);
#1912 = CARTESIAN_POINT('',(0.,6.6));
#1913 = VECTOR('',#1914,1.);
#1914 = DIRECTION('',(1.,0.));
#1915 = ( GEOMETRIC_REPRESENTATION_CONTEXT(2) 
PARAMETRIC_REPRESENTATION_CONTEXT() REPRESENTATION_CONTEXT('2D SPACE',''
  ) );
#1916 = ORIENTED_EDGE('',*,*,#1917,.T.);
#1917 = EDGE_CURVE('',#1888,#1918,#1920,.T.);
#1918 = VERTEX_POINT('',#1919);
#1919 = CARTESIAN_POINT('',(3.3,1.05,-5.E-02));
#1920 = SURFACE_CURVE('',#1921,(#1925,#1932),.PCURVE_S1.);
#1921 = LINE('',#1922,#1923);
#1922 = CARTESIAN_POINT('',(3.3,0.5,-5.E-02));
#1923 = VECTOR('',#1924,1.);
#1924 = DIRECTION('',(0.,1.,0.));
#1925 = PCURVE('',#1898,#1926);
#1926 = DEFINITIONAL_REPRESENTATION('',(#1927),#1931);
#1927 = LINE('',#1928,#1929);
#1928 = CARTESIAN_POINT('',(0.,0.));
#1929 = VECTOR('',#1930,1.);
#1930 = DIRECTION('',(0.,-1.));
#1931 = ( GEOMETRIC_REPRESENTATION_CONTEXT(2) 
PARAMETRIC_REPRESENTATION_CONTEXT() REPRESENTATION_CONTEXT('2D SPACE',''
  ) );
#1932 = PCURVE('',#1818,#1933);
#1933 = DEFINITIONAL_REPRESENTATION('',(#1934),#1938);
#1934 = LINE('',#1935,#1936);
#1935 = CARTESIAN_POINT('',(6.6,0.));
#1936 = VECTOR('',#1937,1.);
#1937 = DIRECTION('',(0.,1.));
#1938 = ( GEOMETRIC_REPRESENTATION_CONTEXT(2) 
PARAMETRIC_REPRESENTATION_CONTEXT() REPRESENTATION_CONTEXT('2D SPACE',''
  ) );
#1939 = ORIENTED_EDGE('',*,*,#1940,.T.);
#1940 = EDGE_CURVE('',#1918,#1941,#1943,.T.);
#1941 = VERTEX_POINT('',#1942);
#1942 = CARTESIAN_POINT('',(3.3,1.05,2.E-02));
#1943 = SURFACE_CURVE('',#1944,(#1948,#1955),.PCURVE_S1.);
#1944 = LINE('',#1945,#1946);
#1945 = CARTESIAN_POINT('',(3.3,1.05,-5.E-02));
#1946 = VECTOR('',#1947,1.);
#1947 = DIRECTION('',(0.,0.,1.));
#1948 = PCURVE('',#1898,#1949);
#1949 = DEFINITIONAL_REPRESENTATION('',(#1950),#1954);
#1950 = LINE('',#1951,#1952);
#1951 = CARTESIAN_POINT('',(0.,-0.55));
#1952 = VECTOR('',#1953,1.);
#1953 = DIRECTION('',(1.,0.));
#1954 = ( GEOMETRIC_REPRESENTATION_CONTEXT(2) 
PARAMETRIC_REPRESENTATION_CONTEXT() REPRESENTATION_CONTEXT('2D SPACE',''
  ) );
#1955 = PCURVE('',#1846,#1956);
#1956 = DEFINITIONAL_REPRESENTATION('',(#1957),#1961);
#1957 = LINE('',#1958,#1959);
#1958 = CARTESIAN_POINT('',(0.,6.6));
#1959 = VECTOR('',#1960,1.);
#1960 = DIRECTION('',(1.,0.));
#1961 = ( GEOMETRIC_REPRESENTATION_CONTEXT(2) 
PARAMETRIC_REPRESENTATION_CONTEXT() REPRESENTATION_CONTEXT('2D SPACE',''
  ) );
#1962 = ORIENTED_EDGE('',*,*,#1963,.F.);
#1963 = EDGE_CURVE('',#1890,#1941,#1964,.T.);
#1964 = SURFACE_CURVE('',#1965,(#1969,#1976),.PCURVE_S1.);
#1965 = LINE('',#1966,#1967);
#1966 = CARTESIAN_POINT('',(3.3,0.5,2.E-02));
#1967 = VECTOR('',#1968,1.);
#1968 = DIRECTION('',(0.,1.,0.));
#1969 = PCURVE('',#1898,#1970);
#1970 = DEFINITIONAL_REPRESENTATION('',(#1971),#1975);
#1971 = LINE('',#1972,#1973);
#1972 = CARTESIAN_POINT('',(7.E-02,0.));
#1973 = VECTOR('',#1974,1.);
#1974 = DIRECTION('',(0.,-1.));
#1975 = ( GEOMETRIC_REPRESENTATION_CONTEXT(2) 
PARAMETRIC_REPRESENTATION_CONTEXT() REPRESENTATION_CONTEXT('2D SPACE',''
  ) );
#1976 = PCURVE('',#1872,#1977);
#1977 = DEFINITIONAL_REPRESENTATION('',(#1978),#1982);
#1978 = LINE('',#1979,#1980);
#1979 = CARTESIAN_POINT('',(6.6,0.));
#1980 = VECTOR('',#1981,1.);
#1981 = DIRECTION('',(0.,1.));
#1982 = ( GEOMETRIC_REPRESENTATION_CONTEXT(2) 
PARAMETRIC_REPRESENTATION_CONTEXT() REPRESENTATION_CONTEXT('2D SPACE',''
  ) );
#1983 = ADVANCED_FACE('',(#1984),#1790,.F.);
#1984 = FACE_BOUND('',#1985,.F.);
#1985 = EDGE_LOOP('',(#1986,#2007,#2008,#2029));
#1986 = ORIENTED_EDGE('',*,*,#1987,.F.);
#1987 = EDGE_CURVE('',#1768,#1888,#1988,.T.);
#1988 = SURFACE_CURVE('',#1989,(#1993,#2000),.PCURVE_S1.);
#1989 = LINE('',#1990,#1991);
#1990 = CARTESIAN_POINT('',(-3.3,0.5,-5.E-02));
#1991 = VECTOR('',#1992,1.);
#1992 = DIRECTION('',(1.,0.,0.));
#1993 = PCURVE('',#1790,#1994);
#1994 = DEFINITIONAL_REPRESENTATION('',(#1995),#1999);
#1995 = LINE('',#1996,#1997);
#1996 = CARTESIAN_POINT('',(0.,0.));
#1997 = VECTOR('',#1998,1.);
#1998 = DIRECTION('',(0.,1.));
#1999 = ( GEOMETRIC_REPRESENTATION_CONTEXT(2) 
PARAMETRIC_REPRESENTATION_CONTEXT() REPRESENTATION_CONTEXT('2D SPACE',''
  ) );
#2000 = PCURVE('',#1818,#2001);
#2001 = DEFINITIONAL_REPRESENTATION('',(#2002),#2006);
#2002 = LINE('',#2003,#2004);
#2003 = CARTESIAN_POINT('',(0.,0.));
#2004 = VECTOR('',#2005,1.);
#2005 = DIRECTION('',(1.,0.));
#2006 = ( GEOMETRIC_REPRESENTATION_CONTEXT(2) 
PARAMETRIC_REPRESENTATION_CONTEXT() REPRESENTATION_CONTEXT('2D SPACE',''
  ) );
#2007 = ORIENTED_EDGE('',*,*,#1767,.T.);
#2008 = ORIENTED_EDGE('',*,*,#2009,.T.);
#2009 = EDGE_CURVE('',#1770,#1890,#2010,.T.);
#2010 = SURFACE_CURVE('',#2011,(#2015,#2022),.PCURVE_S1.);
#2011 = LINE('',#2012,#2013);
#2012 = CARTESIAN_POINT('',(-3.3,0.5,2.E-02));
#2013 = VECTOR('',#2014,1.);
#2014 = DIRECTION('',(1.,0.,0.));
#2015 = PCURVE('',#1790,#2016);
#2016 = DEFINITIONAL_REPRESENTATION('',(#2017),#2021);
#2017 = LINE('',#2018,#2019);
#2018 = CARTESIAN_POINT('',(7.E-02,0.));
#2019 = VECTOR('',#2020,1.);
#2020 = DIRECTION('',(0.,1.));
#2021 = ( GEOMETRIC_REPRESENTATION_CONTEXT(2) 
PARAMETRIC_REPRESENTATION_CONTEXT() REPRESENTATION_CONTEXT('2D SPACE',''
  ) );
#2022 = PCURVE('',#1872,#2023);
#2023 = DEFINITIONAL_REPRESENTATION('',(#2024),#2028);
#2024 = LINE('',#2025,#2026);
#2025 = CARTESIAN_POINT('',(0.,0.));
#2026 = VECTOR('',#2027,1.);
#2027 = DIRECTION('',(1.,0.));
#2028 = ( GEOMETRIC_REPRESENTATION_CONTEXT(2) 
PARAMETRIC_REPRESENTATION_CONTEXT() REPRESENTATION_CONTEXT('2D SPACE',''
  ) );
#2029 = ORIENTED_EDGE('',*,*,#1887,.F.);
#2030 = ADVANCED_FACE('',(#2031),#1846,.T.);
#2031 = FACE_BOUND('',#2032,.T.);
#2032 = EDGE_LOOP('',(#2033,#2054,#2055,#2076));
#2033 = ORIENTED_EDGE('',*,*,#2034,.F.);
#2034 = EDGE_CURVE('',#1803,#1918,#2035,.T.);
#2035 = SURFACE_CURVE('',#2036,(#2040,#2047),.PCURVE_S1.);
#2036 = LINE('',#2037,#2038);
#2037 = CARTESIAN_POINT('',(-3.3,1.05,-5.E-02));
#2038 = VECTOR('',#2039,1.);
#2039 = DIRECTION('',(1.,0.,0.));
#2040 = PCURVE('',#1846,#2041);
#2041 = DEFINITIONAL_REPRESENTATION('',(#2042),#2046);
#2042 = LINE('',#2043,#2044);
#2043 = CARTESIAN_POINT('',(0.,0.));
#2044 = VECTOR('',#2045,1.);
#2045 = DIRECTION('',(0.,1.));
#2046 = ( GEOMETRIC_REPRESENTATION_CONTEXT(2) 
PARAMETRIC_REPRESENTATION_CONTEXT() REPRESENTATION_CONTEXT('2D SPACE',''
  ) );
#2047 = PCURVE('',#1818,#2048);
#2048 = DEFINITIONAL_REPRESENTATION('',(#2049),#2053);
#2049 = LINE('',#2050,#2051);
#2050 = CARTESIAN_POINT('',(0.,0.55));
#2051 = VECTOR('',#2052,1.);
#2052 = DIRECTION('',(1.,0.));
#2053 = ( GEOMETRIC_REPRESENTATION_CONTEXT(2) 
PARAMETRIC_REPRESENTATION_CONTEXT() REPRESENTATION_CONTEXT('2D SPACE',''
  ) );
#2054 = ORIENTED_EDGE('',*,*,#1830,.T.);
#2055 = ORIENTED_EDGE('',*,*,#2056,.T.);
#2056 = EDGE_CURVE('',#1831,#1941,#2057,.T.);
#2057 = SURFACE_CURVE('',#2058,(#2062,#2069),.PCURVE_S1.);
#2058 = LINE('',#2059,#2060);
#2059 = CARTESIAN_POINT('',(-3.3,1.05,2.E-02));
#2060 = VECTOR('',#2061,1.);
#2061 = DIRECTION('',(1.,0.,0.));
#2062 = PCURVE('',#1846,#2063);
#2063 = DEFINITIONAL_REPRESENTATION('',(#2064),#2068);
#2064 = LINE('',#2065,#2066);
#2065 = CARTESIAN_POINT('',(7.E-02,0.));
#2066 = VECTOR('',#2067,1.);
#2067 = DIRECTION('',(0.,1.));
#2068 = ( GEOMETRIC_REPRESENTATION_CONTEXT(2) 
PARAMETRIC_REPRESENTATION_CONTEXT() REPRESENTATION_CONTEXT('2D SPACE',''
  ) );
#2069 = PCURVE('',#1872,#2070);
#2070 = DEFINITIONAL_REPRESENTATION('',(#2071),#2075);
#2071 = LINE('',#2072,#2073);
#2072 = CARTESIAN_POINT('',(0.,0.55));
#2073 = VECTOR('',#2074,1.);
#2074 = DIRECTION('',(1.,0.));
#2075 = ( GEOMETRIC_REPRESENTATION_CONTEXT(2) 
PARAMETRIC_REPRESENTATION_CONTEXT() REPRESENTATION_CONTEXT('2D SPACE',''
  ) );
#2076 = ORIENTED_EDGE('',*,*,#1940,.F.);
#2077 = ADVANCED_FACE('',(#2078),#1818,.F.);
#2078 = FACE_BOUND('',#2079,.F.);
#2079 = EDGE_LOOP('',(#2080,#2081,#2082,#2083));
#2080 = ORIENTED_EDGE('',*,*,#1802,.F.);
#2081 = ORIENTED_EDGE('',*,*,#1987,.T.);
#2082 = ORIENTED_EDGE('',*,*,#1917,.T.);
#2083 = ORIENTED_EDGE('',*,*,#2034,.F.);
#2084 = ADVANCED_FACE('',(#2085),#1872,.T.);
#2085 = FACE_BOUND('',#2086,.T.);
#2086 = EDGE_LOOP('',(#2087,#2088,#2089,#2090));
#2087 = ORIENTED_EDGE('',*,*,#1858,.F.);
#2088 = ORIENTED_EDGE('',*,*,#2009,.T.);
#2089 = ORIENTED_EDGE('',*,*,#1963,.T.);
#2090 = ORIENTED_EDGE('',*,*,#2056,.F.);
#2091 = ( GEOMETRIC_REPRESENTATION_CONTEXT(3) 
GLOBAL_UNCERTAINTY_ASSIGNED_CONTEXT((#2095)) 
GLOBAL_UNIT_ASSIGNED_CONTEXT((#2092,#2093,#2094)) REPRESENTATION_CONTEXT
('Context #1','3D Context with UNIT and UNCERTAINTY') );
#2092 = ( LENGTH_UNIT() NAMED_UNIT(*) SI_UNIT(.MILLI.,.METRE.) );
#2093 = ( NAMED_UNIT(*) PLANE_ANGLE_UNIT() SI_UNIT($,.RADIAN.) );
#2094 = ( NAMED_UNIT(*) SI_UNIT($,.STERADIAN.) SOLID_ANGLE_UNIT() );
#2095 = UNCERTAINTY_MEASURE_WITH_UNIT(LENGTH_MEASURE(1.E-07),#2092,
  'distance_accuracy_value','confusion accuracy');
#2096 = CONTEXT_DEPENDENT_SHAPE_REPRESENTATION(#2097,#2099);
#2097 = ( REPRESENTATION_RELATIONSHIP('','',#1760,#10) 
REPRESENTATION_RELATIONSHIP_WITH_TRANSFORMATION(#2098) 
SHAPE_REPRESENTATION_RELATIONSHIP() );
#2098 = ITEM_DEFINED_TRANSFORMATION('','',#11,#31);
#2099 = PRODUCT_DEFINITION_SHAPE('Placement','Placement of an item',
  #2100);
#2100 = NEXT_ASSEMBLY_USAGE_OCCURRENCE('5','nc4','',#5,#1755,$);
#2101 = PRODUCT_RELATED_PRODUCT_CATEGORY('part',$,(#1757));
#2102 = SHAPE_DEFINITION_REPRESENTATION(#2103,#2109);
#2103 = PRODUCT_DEFINITION_SHAPE('','',#2104);
#2104 = PRODUCT_DEFINITION('design','',#2105,#2108);
#2105 = PRODUCT_DEFINITION_FORMATION('','',#2106);
#2106 = PRODUCT('mark','mark','',(#2107));
#2107 = PRODUCT_CONTEXT('',#2,'mechanical');
#2108 = PRODUCT_DEFINITION_CONTEXT('part definition',#2,'design');
#2109 = ADVANCED_BREP_SHAPE_REPRESENTATION('',(#11,#2110),#2440);
#2110 = MANIFOLD_SOLID_BREP('',#2111);
#2111 = CLOSED_SHELL('',(#2112,#2232,#2332,#2379,#2426,#2433));
#2112 = ADVANCED_FACE('',(#2113),#2127,.F.);
#2113 = FACE_BOUND('',#2114,.F.);
#2114 = EDGE_LOOP('',(#2115,#2150,#2178,#2206));
#2115 = ORIENTED_EDGE('',*,*,#2116,.F.);
#2116 = EDGE_CURVE('',#2117,#2119,#2121,.T.);
#2117 = VERTEX_POINT('',#2118);
#2118 = CARTESIAN_POINT('',(-2.45,-0.25,1.95));
#2119 = VERTEX_POINT('',#2120);
#2120 = CARTESIAN_POINT('',(-2.45,-0.25,2.05));
#2121 = SURFACE_CURVE('',#2122,(#2126,#2138),.PCURVE_S1.);
#2122 = LINE('',#2123,#2124);
#2123 = CARTESIAN_POINT('',(-2.45,-0.25,1.95));
#2124 = VECTOR('',#2125,1.);
#2125 = DIRECTION('',(0.,0.,1.));
#2126 = PCURVE('',#2127,#2132);
#2127 = PLANE('',#2128);
#2128 = AXIS2_PLACEMENT_3D('',#2129,#2130,#2131);
#2129 = CARTESIAN_POINT('',(-2.45,-0.25,1.95));
#2130 = DIRECTION('',(1.,0.,0.));
#2131 = DIRECTION('',(0.,0.,1.));
#2132 = DEFINITIONAL_REPRESENTATION('',(#2133),#2137);
#2133 = LINE('',#2134,#2135);
#2134 = CARTESIAN_POINT('',(0.,0.));
#2135 = VECTOR('',#2136,1.);
#2136 = DIRECTION('',(1.,0.));
#2137 = ( GEOMETRIC_REPRESENTATION_CONTEXT(2) 
PARAMETRIC_REPRESENTATION_CONTEXT() REPRESENTATION_CONTEXT('2D SPACE',''
  ) );
#2138 = PCURVE('',#2139,#2144);
#2139 = PLANE('',#2140);
#2140 = AXIS2_PLACEMENT_3D('',#2141,#2142,#2143);
#2141 = CARTESIAN_POINT('',(-2.45,-0.25,1.95));
#2142 = DIRECTION('',(0.,1.,0.));
#2143 = DIRECTION('',(0.,0.,1.));
#2144 = DEFINITIONAL_REPRESENTATION('',(#2145),#2149);
#2145 = LINE('',#2146,#2147);
#2146 = CARTESIAN_POINT('',(0.,0.));
#2147 = VECTOR('',#2148,1.);
#2148 = DIRECTION('',(1.,0.));
#2149 = ( GEOMETRIC_REPRESENTATION_CONTEXT(2) 
PARAMETRIC_REPRESENTATION_CONTEXT() REPRESENTATION_CONTEXT('2D SPACE',''
  ) );
#2150 = ORIENTED_EDGE('',*,*,#2151,.T.);
#2151 = EDGE_CURVE('',#2117,#2152,#2154,.T.);
#2152 = VERTEX_POINT('',#2153);
#2153 = CARTESIAN_POINT('',(-2.45,0.25,1.95));
#2154 = SURFACE_CURVE('',#2155,(#2159,#2166),.PCURVE_S1.);
#2155 = LINE('',#2156,#2157);
#2156 = CARTESIAN_POINT('',(-2.45,-0.25,1.95));
#2157 = VECTOR('',#2158,1.);
#2158 = DIRECTION('',(0.,1.,0.));
#2159 = PCURVE('',#2127,#2160);
#2160 = DEFINITIONAL_REPRESENTATION('',(#2161),#2165);
#2161 = LINE('',#2162,#2163);
#2162 = CARTESIAN_POINT('',(0.,0.));
#2163 = VECTOR('',#2164,1.);
#2164 = DIRECTION('',(0.,-1.));
#2165 = ( GEOMETRIC_REPRESENTATION_CONTEXT(2) 
PARAMETRIC_REPRESENTATION_CONTEXT() REPRESENTATION_CONTEXT('2D SPACE',''
  ) );
#2166 = PCURVE('',#2167,#2172);
#2167 = PLANE('',#2168);
#2168 = AXIS2_PLACEMENT_3D('',#2169,#2170,#2171);
#2169 = CARTESIAN_POINT('',(-2.45,-0.25,1.95));
#2170 = DIRECTION('',(0.,0.,1.));
#2171 = DIRECTION('',(1.,0.,0.));
#2172 = DEFINITIONAL_REPRESENTATION('',(#2173),#2177);
#2173 = LINE('',#2174,#2175);
#2174 = CARTESIAN_POINT('',(0.,0.));
#2175 = VECTOR('',#2176,1.);
#2176 = DIRECTION('',(0.,1.));
#2177 = ( GEOMETRIC_REPRESENTATION_CONTEXT(2) 
PARAMETRIC_REPRESENTATION_CONTEXT() REPRESENTATION_CONTEXT('2D SPACE',''
  ) );
#2178 = ORIENTED_EDGE('',*,*,#2179,.T.);
#2179 = EDGE_CURVE('',#2152,#2180,#2182,.T.);
#2180 = VERTEX_POINT('',#2181);
#2181 = CARTESIAN_POINT('',(-2.45,0.25,2.05));
#2182 = SURFACE_CURVE('',#2183,(#2187,#2194),.PCURVE_S1.);
#2183 = LINE('',#2184,#2185);
#2184 = CARTESIAN_POINT('',(-2.45,0.25,1.95));
#2185 = VECTOR('',#2186,1.);
#2186 = DIRECTION('',(0.,0.,1.));
#2187 = PCURVE('',#2127,#2188);
#2188 = DEFINITIONAL_REPRESENTATION('',(#2189),#2193);
#2189 = LINE('',#2190,#2191);
#2190 = CARTESIAN_POINT('',(0.,-0.5));
#2191 = VECTOR('',#2192,1.);
#2192 = DIRECTION('',(1.,0.));
#2193 = ( GEOMETRIC_REPRESENTATION_CONTEXT(2) 
PARAMETRIC_REPRESENTATION_CONTEXT() REPRESENTATION_CONTEXT('2D SPACE',''
  ) );
#2194 = PCURVE('',#2195,#2200);
#2195 = PLANE('',#2196);
#2196 = AXIS2_PLACEMENT_3D('',#2197,#2198,#2199);
#2197 = CARTESIAN_POINT('',(-2.45,0.25,1.95));
#2198 = DIRECTION('',(0.,1.,0.));
#2199 = DIRECTION('',(0.,0.,1.));
#2200 = DEFINITIONAL_REPRESENTATION('',(#2201),#2205);
#2201 = LINE('',#2202,#2203);
#2202 = CARTESIAN_POINT('',(0.,0.));
#2203 = VECTOR('',#2204,1.);
#2204 = DIRECTION('',(1.,0.));
#2205 = ( GEOMETRIC_REPRESENTATION_CONTEXT(2) 
PARAMETRIC_REPRESENTATION_CONTEXT() REPRESENTATION_CONTEXT('2D SPACE',''
  ) );
#2206 = ORIENTED_EDGE('',*,*,#2207,.F.);
#2207 = EDGE_CURVE('',#2119,#2180,#2208,.T.);
#2208 = SURFACE_CURVE('',#2209,(#2213,#2220),.PCURVE_S1.);
#2209 = LINE('',#2210,#2211);
#2210 = CARTESIAN_POINT('',(-2.45,-0.25,2.05));
#2211 = VECTOR('',#2212,1.);
#2212 = DIRECTION('',(0.,1.,0.));
#2213 = PCURVE('',#2127,#2214);
#2214 = DEFINITIONAL_REPRESENTATION('',(#2215),#2219);
#2215 = LINE('',#2216,#2217);
#2216 = CARTESIAN_POINT('',(0.1,0.));
#2217 = VECTOR('',#2218,1.);
#2218 = DIRECTION('',(0.,-1.));
#2219 = ( GEOMETRIC_REPRESENTATION_CONTEXT(2) 
PARAMETRIC_REPRESENTATION_CONTEXT() REPRESENTATION_CONTEXT('2D SPACE',''
  ) );
#2220 = PCURVE('',#2221,#2226);
#2221 = PLANE('',#2222);
#2222 = AXIS2_PLACEMENT_3D('',#2223,#2224,#2225);
#2223 = CARTESIAN_POINT('',(-2.45,-0.25,2.05));
#2224 = DIRECTION('',(0.,0.,1.));
#2225 = DIRECTION('',(1.,0.,0.));
#2226 = DEFINITIONAL_REPRESENTATION('',(#2227),#2231);
#2227 = LINE('',#2228,#2229);
#2228 = CARTESIAN_POINT('',(0.,0.));
#2229 = VECTOR('',#2230,1.);
#2230 = DIRECTION('',(0.,1.));
#2231 = ( GEOMETRIC_REPRESENTATION_CONTEXT(2) 
PARAMETRIC_REPRESENTATION_CONTEXT() REPRESENTATION_CONTEXT('2D SPACE',''
  ) );
#2232 = ADVANCED_FACE('',(#2233),#2247,.T.);
#2233 = FACE_BOUND('',#2234,.T.);
#2234 = EDGE_LOOP('',(#2235,#2265,#2288,#2311));
#2235 = ORIENTED_EDGE('',*,*,#2236,.F.);
#2236 = EDGE_CURVE('',#2237,#2239,#2241,.T.);
#2237 = VERTEX_POINT('',#2238);
#2238 = CARTESIAN_POINT('',(-1.95,-0.25,1.95));
#2239 = VERTEX_POINT('',#2240);
#2240 = CARTESIAN_POINT('',(-1.95,-0.25,2.05));
#2241 = SURFACE_CURVE('',#2242,(#2246,#2258),.PCURVE_S1.);
#2242 = LINE('',#2243,#2244);
#2243 = CARTESIAN_POINT('',(-1.95,-0.25,1.95));
#2244 = VECTOR('',#2245,1.);
#2245 = DIRECTION('',(0.,0.,1.));
#2246 = PCURVE('',#2247,#2252);
#2247 = PLANE('',#2248);
#2248 = AXIS2_PLACEMENT_3D('',#2249,#2250,#2251);
#2249 = CARTESIAN_POINT('',(-1.95,-0.25,1.95));
#2250 = DIRECTION('',(1.,0.,0.));
#2251 = DIRECTION('',(0.,0.,1.));
#2252 = DEFINITIONAL_REPRESENTATION('',(#2253),#2257);
#2253 = LINE('',#2254,#2255);
#2254 = CARTESIAN_POINT('',(0.,0.));
#2255 = VECTOR('',#2256,1.);
#2256 = DIRECTION('',(1.,0.));
#2257 = ( GEOMETRIC_REPRESENTATION_CONTEXT(2) 
PARAMETRIC_REPRESENTATION_CONTEXT() REPRESENTATION_CONTEXT('2D SPACE',''
  ) );
#2258 = PCURVE('',#2139,#2259);
#2259 = DEFINITIONAL_REPRESENTATION('',(#2260),#2264);
#2260 = LINE('',#2261,#2262);
#2261 = CARTESIAN_POINT('',(0.,0.5));
#2262 = VECTOR('',#2263,1.);
#2263 = DIRECTION('',(1.,0.));
#2264 = ( GEOMETRIC_REPRESENTATION_CONTEXT(2) 
PARAMETRIC_REPRESENTATION_CONTEXT() REPRESENTATION_CONTEXT('2D SPACE',''
  ) );
#2265 = ORIENTED_EDGE('',*,*,#2266,.T.);
#2266 = EDGE_CURVE('',#2237,#2267,#2269,.T.);
#2267 = VERTEX_POINT('',#2268);
#2268 = CARTESIAN_POINT('',(-1.95,0.25,1.95));
#2269 = SURFACE_CURVE('',#2270,(#2274,#2281),.PCURVE_S1.);
#2270 = LINE('',#2271,#2272);
#2271 = CARTESIAN_POINT('',(-1.95,-0.25,1.95));
#2272 = VECTOR('',#2273,1.);
#2273 = DIRECTION('',(0.,1.,0.));
#2274 = PCURVE('',#2247,#2275);
#2275 = DEFINITIONAL_REPRESENTATION('',(#2276),#2280);
#2276 = LINE('',#2277,#2278);
#2277 = CARTESIAN_POINT('',(0.,0.));
#2278 = VECTOR('',#2279,1.);
#2279 = DIRECTION('',(0.,-1.));
#2280 = ( GEOMETRIC_REPRESENTATION_CONTEXT(2) 
PARAMETRIC_REPRESENTATION_CONTEXT() REPRESENTATION_CONTEXT('2D SPACE',''
  ) );
#2281 = PCURVE('',#2167,#2282);
#2282 = DEFINITIONAL_REPRESENTATION('',(#2283),#2287);
#2283 = LINE('',#2284,#2285);
#2284 = CARTESIAN_POINT('',(0.5,0.));
#2285 = VECTOR('',#2286,1.);
#2286 = DIRECTION('',(0.,1.));
#2287 = ( GEOMETRIC_REPRESENTATION_CONTEXT(2) 
PARAMETRIC_REPRESENTATION_CONTEXT() REPRESENTATION_CONTEXT('2D SPACE',''
  ) );
#2288 = ORIENTED_EDGE('',*,*,#2289,.T.);
#2289 = EDGE_CURVE('',#2267,#2290,#2292,.T.);
#2290 = VERTEX_POINT('',#2291);
#2291 = CARTESIAN_POINT('',(-1.95,0.25,2.05));
#2292 = SURFACE_CURVE('',#2293,(#2297,#2304),.PCURVE_S1.);
#2293 = LINE('',#2294,#2295);
#2294 = CARTESIAN_POINT('',(-1.95,0.25,1.95));
#2295 = VECTOR('',#2296,1.);
#2296 = DIRECTION('',(0.,0.,1.));
#2297 = PCURVE('',#2247,#2298);
#2298 = DEFINITIONAL_REPRESENTATION('',(#2299),#2303);
#2299 = LINE('',#2300,#2301);
#2300 = CARTESIAN_POINT('',(0.,-0.5));
#2301 = VECTOR('',#2302,1.);
#2302 = DIRECTION('',(1.,0.));
#2303 = ( GEOMETRIC_REPRESENTATION_CONTEXT(2) 
PARAMETRIC_REPRESENTATION_CONTEXT() REPRESENTATION_CONTEXT('2D SPACE',''
  ) );
#2304 = PCURVE('',#2195,#2305);
#2305 = DEFINITIONAL_REPRESENTATION('',(#2306),#2310);
#2306 = LINE('',#2307,#2308);
#2307 = CARTESIAN_POINT('',(0.,0.5));
#2308 = VECTOR('',#2309,1.);
#2309 = DIRECTION('',(1.,0.));
#2310 = ( GEOMETRIC_REPRESENTATION_CONTEXT(2) 
PARAMETRIC_REPRESENTATION_CONTEXT() REPRESENTATION_CONTEXT('2D SPACE',''
  ) );
#2311 = ORIENTED_EDGE('',*,*,#2312,.F.);
#2312 = EDGE_CURVE('',#2239,#2290,#2313,.T.);
#2313 = SURFACE_CURVE('',#2314,(#2318,#2325),.PCURVE_S1.);
#2314 = LINE('',#2315,#2316);
#2315 = CARTESIAN_POINT('',(-1.95,-0.25,2.05));
#2316 = VECTOR('',#2317,1.);
#2317 = DIRECTION('',(0.,1.,0.));
#2318 = PCURVE('',#2247,#2319);
#2319 = DEFINITIONAL_REPRESENTATION('',(#2320),#2324);
#2320 = LINE('',#2321,#2322);
#2321 = CARTESIAN_POINT('',(0.1,0.));
#2322 = VECTOR('',#2323,1.);
#2323 = DIRECTION('',(0.,-1.));
#2324 = ( GEOMETRIC_REPRESENTATION_CONTEXT(2) 
PARAMETRIC_REPRESENTATION_CONTEXT() REPRESENTATION_CONTEXT('2D SPACE',''
  ) );
#2325 = PCURVE('',#2221,#2326);
#2326 = DEFINITIONAL_REPRESENTATION('',(#2327),#2331);
#2327 = LINE('',#2328,#2329);
#2328 = CARTESIAN_POINT('',(0.5,0.));
#2329 = VECTOR('',#2330,1.);
#2330 = DIRECTION('',(0.,1.));
#2331 = ( GEOMETRIC_REPRESENTATION_CONTEXT(2) 
PARAMETRIC_REPRESENTATION_CONTEXT() REPRESENTATION_CONTEXT('2D SPACE',''
  ) );
#2332 = ADVANCED_FACE('',(#2333),#2139,.F.);
#2333 = FACE_BOUND('',#2334,.F.);
#2334 = EDGE_LOOP('',(#2335,#2356,#2357,#2378));
#2335 = ORIENTED_EDGE('',*,*,#2336,.F.);
#2336 = EDGE_CURVE('',#2117,#2237,#2337,.T.);
#2337 = SURFACE_CURVE('',#2338,(#2342,#2349),.PCURVE_S1.);
#2338 = LINE('',#2339,#2340);
#2339 = CARTESIAN_POINT('',(-2.45,-0.25,1.95));
#2340 = VECTOR('',#2341,1.);
#2341 = DIRECTION('',(1.,0.,0.));
#2342 = PCURVE('',#2139,#2343);
#2343 = DEFINITIONAL_REPRESENTATION('',(#2344),#2348);
#2344 = LINE('',#2345,#2346);
#2345 = CARTESIAN_POINT('',(0.,0.));
#2346 = VECTOR('',#2347,1.);
#2347 = DIRECTION('',(0.,1.));
#2348 = ( GEOMETRIC_REPRESENTATION_CONTEXT(2) 
PARAMETRIC_REPRESENTATION_CONTEXT() REPRESENTATION_CONTEXT('2D SPACE',''
  ) );
#2349 = PCURVE('',#2167,#2350);
#2350 = DEFINITIONAL_REPRESENTATION('',(#2351),#2355);
#2351 = LINE('',#2352,#2353);
#2352 = CARTESIAN_POINT('',(0.,0.));
#2353 = VECTOR('',#2354,1.);
#2354 = DIRECTION('',(1.,0.));
#2355 = ( GEOMETRIC_REPRESENTATION_CONTEXT(2) 
PARAMETRIC_REPRESENTATION_CONTEXT() REPRESENTATION_CONTEXT('2D SPACE',''
  ) );
#2356 = ORIENTED_EDGE('',*,*,#2116,.T.);
#2357 = ORIENTED_EDGE('',*,*,#2358,.T.);
#2358 = EDGE_CURVE('',#2119,#2239,#2359,.T.);
#2359 = SURFACE_CURVE('',#2360,(#2364,#2371),.PCURVE_S1.);
#2360 = LINE('',#2361,#2362);
#2361 = CARTESIAN_POINT('',(-2.45,-0.25,2.05));
#2362 = VECTOR('',#2363,1.);
#2363 = DIRECTION('',(1.,0.,0.));
#2364 = PCURVE('',#2139,#2365);
#2365 = DEFINITIONAL_REPRESENTATION('',(#2366),#2370);
#2366 = LINE('',#2367,#2368);
#2367 = CARTESIAN_POINT('',(0.1,0.));
#2368 = VECTOR('',#2369,1.);
#2369 = DIRECTION('',(0.,1.));
#2370 = ( GEOMETRIC_REPRESENTATION_CONTEXT(2) 
PARAMETRIC_REPRESENTATION_CONTEXT() REPRESENTATION_CONTEXT('2D SPACE',''
  ) );
#2371 = PCURVE('',#2221,#2372);
#2372 = DEFINITIONAL_REPRESENTATION('',(#2373),#2377);
#2373 = LINE('',#2374,#2375);
#2374 = CARTESIAN_POINT('',(0.,0.));
#2375 = VECTOR('',#2376,1.);
#2376 = DIRECTION('',(1.,0.));
#2377 = ( GEOMETRIC_REPRESENTATION_CONTEXT(2) 
PARAMETRIC_REPRESENTATION_CONTEXT() REPRESENTATION_CONTEXT('2D SPACE',''
  ) );
#2378 = ORIENTED_EDGE('',*,*,#2236,.F.);
#2379 = ADVANCED_FACE('',(#2380),#2195,.T.);
#2380 = FACE_BOUND('',#2381,.T.);
#2381 = EDGE_LOOP('',(#2382,#2403,#2404,#2425));
#2382 = ORIENTED_EDGE('',*,*,#2383,.F.);
#2383 = EDGE_CURVE('',#2152,#2267,#2384,.T.);
#2384 = SURFACE_CURVE('',#2385,(#2389,#2396),.PCURVE_S1.);
#2385 = LINE('',#2386,#2387);
#2386 = CARTESIAN_POINT('',(-2.45,0.25,1.95));
#2387 = VECTOR('',#2388,1.);
#2388 = DIRECTION('',(1.,0.,0.));
#2389 = PCURVE('',#2195,#2390);
#2390 = DEFINITIONAL_REPRESENTATION('',(#2391),#2395);
#2391 = LINE('',#2392,#2393);
#2392 = CARTESIAN_POINT('',(0.,0.));
#2393 = VECTOR('',#2394,1.);
#2394 = DIRECTION('',(0.,1.));
#2395 = ( GEOMETRIC_REPRESENTATION_CONTEXT(2) 
PARAMETRIC_REPRESENTATION_CONTEXT() REPRESENTATION_CONTEXT('2D SPACE',''
  ) );
#2396 = PCURVE('',#2167,#2397);
#2397 = DEFINITIONAL_REPRESENTATION('',(#2398),#2402);
#2398 = LINE('',#2399,#2400);
#2399 = CARTESIAN_POINT('',(0.,0.5));
#2400 = VECTOR('',#2401,1.);
#2401 = DIRECTION('',(1.,0.));
#2402 = ( GEOMETRIC_REPRESENTATION_CONTEXT(2) 
PARAMETRIC_REPRESENTATION_CONTEXT() REPRESENTATION_CONTEXT('2D SPACE',''
  ) );
#2403 = ORIENTED_EDGE('',*,*,#2179,.T.);
#2404 = ORIENTED_EDGE('',*,*,#2405,.T.);
#2405 = EDGE_CURVE('',#2180,#2290,#2406,.T.);
#2406 = SURFACE_CURVE('',#2407,(#2411,#2418),.PCURVE_S1.);
#2407 = LINE('',#2408,#2409);
#2408 = CARTESIAN_POINT('',(-2.45,0.25,2.05));
#2409 = VECTOR('',#2410,1.);
#2410 = DIRECTION('',(1.,0.,0.));
#2411 = PCURVE('',#2195,#2412);
#2412 = DEFINITIONAL_REPRESENTATION('',(#2413),#2417);
#2413 = LINE('',#2414,#2415);
#2414 = CARTESIAN_POINT('',(0.1,0.));
#2415 = VECTOR('',#2416,1.);
#2416 = DIRECTION('',(0.,1.));
#2417 = ( GEOMETRIC_REPRESENTATION_CONTEXT(2) 
PARAMETRIC_REPRESENTATION_CONTEXT() REPRESENTATION_CONTEXT('2D SPACE',''
  ) );
#2418 = PCURVE('',#2221,#2419);
#2419 = DEFINITIONAL_REPRESENTATION('',(#2420),#2424);
#2420 = LINE('',#2421,#2422);
#2421 = CARTESIAN_POINT('',(0.,0.5));
#2422 = VECTOR('',#2423,1.);
#2423 = DIRECTION('',(1.,0.));
#2424 = ( GEOMETRIC_REPRESENTATION_CONTEXT(2) 
PARAMETRIC_REPRESENTATION_CONTEXT() REPRESENTATION_CONTEXT('2D SPACE',''
  ) );
#2425 = ORIENTED_EDGE('',*,*,#2289,.F.);
#2426 = ADVANCED_FACE('',(#2427),#2167,.F.);
#2427 = FACE_BOUND('',#2428,.F.);
#2428 = EDGE_LOOP('',(#2429,#2430,#2431,#2432));
#2429 = ORIENTED_EDGE('',*,*,#2151,.F.);
#2430 = ORIENTED_EDGE('',*,*,#2336,.T.);
#2431 = ORIENTED_EDGE('',*,*,#2266,.T.);
#2432 = ORIENTED_EDGE('',*,*,#2383,.F.);
#2433 = ADVANCED_FACE('',(#2434),#2221,.T.);
#2434 = FACE_BOUND('',#2435,.T.);
#2435 = EDGE_LOOP('',(#2436,#2437,#2438,#2439));
#2436 = ORIENTED_EDGE('',*,*,#2207,.F.);
#2437 = ORIENTED_EDGE('',*,*,#2358,.T.);
#2438 = ORIENTED_EDGE('',*,*,#2312,.T.);
#2439 = ORIENTED_EDGE('',*,*,#2405,.F.);
#2440 = ( GEOMETRIC_REPRESENTATION_CONTEXT(3) 
GLOBAL_UNCERTAINTY_ASSIGNED_CONTEXT((#2444)) 
GLOBAL_UNIT_ASSIGNED_CONTEXT((#2441,#2442,#2443)) REPRESENTATION_CONTEXT
('Context #1','3D Context with UNIT and UNCERTAINTY') );
#2441 = ( LENGTH_UNIT() NAMED_UNIT(*) SI_UNIT(.MILLI.,.METRE.) );
#2442 = ( NAMED_UNIT(*) PLANE_ANGLE_UNIT() SI_UNIT($,.RADIAN.) );
#2443 = ( NAMED_UNIT(*) SI_UNIT($,.STERADIAN.) SOLID_ANGLE_UNIT() );
#2444 = UNCERTAINTY_MEASURE_WITH_UNIT(LENGTH_MEASURE(1.E-07),#2441,
  'distance_accuracy_value','confusion accuracy');
#2445 = CONTEXT_DEPENDENT_SHAPE_REPRESENTATION(#2446,#2448);
#2446 = ( REPRESENTATION_RELATIONSHIP('','',#2109,#10) 
REPRESENTATION_RELATIONSHIP_WITH_TRANSFORMATION(#2447) 
SHAPE_REPRESENTATION_RELATIONSHIP() );
#2447 = ITEM_DEFINED_TRANSFORMATION('','',#11,#35);
#2448 = PRODUCT_DEFINITION_SHAPE('Placement','Placement of an item',
  #2449);
#2449 = NEXT_ASSEMBLY_USAGE_OCCURRENCE('6','mark','',#5,#2104,$);
#2450 = PRODUCT_RELATED_PRODUCT_CATEGORY('part',$,(#2106));
#2451 = MECHANICAL_DESIGN_GEOMETRIC_PRESENTATION_REPRESENTATION('',(
    #2452),#1742);
#2452 = STYLED_ITEM('color',(#2453),#1412);
#2453 = PRESENTATION_STYLE_ASSIGNMENT((#2454));
#2454 = SURFACE_STYLE_USAGE(.BOTH.,#2455);
#2455 = SURFACE_SIDE_STYLE('',(#2456));
#2456 = SURFACE_STYLE_FILL_AREA(#2457);
#2457 = FILL_AREA_STYLE('',(#2458));
#2458 = FILL_AREA_STYLE_COLOUR('',#2459);
#2459 = COLOUR_RGB('',0.750000000934,0.760000013601,0.78000000177);
#2460 = MECHANICAL_DESIGN_GEOMETRIC_PRESENTATION_REPRESENTATION('',(
    #2461),#1393);
#2461 = STYLED_ITEM('color',(#2462),#1063);
#2462 = PRESENTATION_STYLE_ASSIGNMENT((#2463));
#2463 = SURFACE_STYLE_USAGE(.BOTH.,#2464);
#2464 = SURFACE_SIDE_STYLE('',(#2465));
#2465 = SURFACE_STYLE_FILL_AREA(#2466);
#2466 = FILL_AREA_STYLE('',(#2467));
#2467 = FILL_AREA_STYLE_COLOUR('',#2459);
#2468 = MECHANICAL_DESIGN_GEOMETRIC_PRESENTATION_REPRESENTATION('',(
    #2469),#1044);
#2469 = STYLED_ITEM('color',(#2470),#714);
#2470 = PRESENTATION_STYLE_ASSIGNMENT((#2471));
#2471 = SURFACE_STYLE_USAGE(.BOTH.,#2472);
#2472 = SURFACE_SIDE_STYLE('',(#2473));
#2473 = SURFACE_STYLE_FILL_AREA(#2474);
#2474 = FILL_AREA_STYLE('',(#2475));
#2475 = FILL_AREA_STYLE_COLOUR('',#2459);
#2476 = MECHANICAL_DESIGN_GEOMETRIC_PRESENTATION_REPRESENTATION('',(
    #2477),#695);
#2477 = STYLED_ITEM('color',(#2478),#53);
#2478 = PRESENTATION_STYLE_ASSIGNMENT((#2479));
#2479 = SURFACE_STYLE_USAGE(.BOTH.,#2480);
#2480 = SURFACE_SIDE_STYLE('',(#2481));
#2481 = SURFACE_STYLE_FILL_AREA(#2482);
#2482 = FILL_AREA_STYLE('',(#2483));
#2483 = FILL_AREA_STYLE_COLOUR('',#2484);
#2484 = COLOUR_RGB('',0.940000008746,0.930000003373,0.879999997771);
#2485 = MECHANICAL_DESIGN_GEOMETRIC_PRESENTATION_REPRESENTATION('',(
    #2486),#2440);
#2486 = STYLED_ITEM('color',(#2487),#2110);
#2487 = PRESENTATION_STYLE_ASSIGNMENT((#2488));
#2488 = SURFACE_STYLE_USAGE(.BOTH.,#2489);
#2489 = SURFACE_SIDE_STYLE('',(#2490));
#2490 = SURFACE_STYLE_FILL_AREA(#2491);
#2491 = FILL_AREA_STYLE('',(#2492));
#2492 = FILL_AREA_STYLE_COLOUR('',#2493);
#2493 = COLOUR_RGB('',7.999999887273E-02,7.999999887273E-02,
  7.999999887273E-02);
#2494 = MECHANICAL_DESIGN_GEOMETRIC_PRESENTATION_REPRESENTATION('',(
    #2495),#2091);
#2495 = STYLED_ITEM('color',(#2496),#1761);
#2496 = PRESENTATION_STYLE_ASSIGNMENT((#2497));
#2497 = SURFACE_STYLE_USAGE(.BOTH.,#2498);
#2498 = SURFACE_SIDE_STYLE('',(#2499));
#2499 = SURFACE_STYLE_FILL_AREA(#2500);
#2500 = FILL_AREA_STYLE('',(#2501));
#2501 = FILL_AREA_STYLE_COLOUR('',#2459);
ENDSEC;
END-ISO-10303-21;
